-1312,-85,-559,1862,1924,2831,-2680,412,304,1052,-1900,-639,-2093,2454,167,1988,1223,1297,40,1958,-1309,-219,-189,968,813,-1287,1730,-153,-2270,-2140,332,-304,-1769,656,-2101,850,383,-678,-742,-1398,-2741,-478,-814,271,84,572,-1615,1989,17,-1258,-482,750,2702,-484,-1459,1437,-650,2593,575,1160,673,-846,-2369,2610,268,1328,1123,-910,-391,-485,-264,-1578,1514,-1521,1202,331,8,-2048,816,-1034,-519,-251,2360,653,3247,-891,-152,901,-1923,153,1866,-1208,-1671,768,314,2071,2087,1874,-752,432,-517,1900,2627,-841,-1841,-1128,-570,2192,370,3060,-511,-1172,1021,1270,3303,-2137,625,2200,2859,-1315,-873,2046,706,640,-531,-714,2081,-2427,177,-988,-1300,2448,140,573,1109,1759,131,94,2495,1548
-1947,46,-1491,2455,-2403,-818,741,420,-2729,-1131,-1223,2391,-1569,2330,1819,773,-1582,-2199,78,-717,-4231,-884,-1480,-1185,-1714,1155,-5414,931,-1449,398,-995,2818,929,-168,-1963,4943,-1975,415,293,-1095,-1911,-258,288,1091,698,-3738,-4543,-41,-3356,-2182,1102,1911,1645,-222,711,-1594,-2134,-1489,1821,2258,4082,-1213,-391,-304,1055,1194,-2322,1293,-1556,1876,-483,1099,1496,1492,587,3662,-486,-1074,2199,-998,-2989,99,-2912,2020,-633,-1361,251,-172,2934,313,-1236,-3367,2713,-201,371,2012,-1464,-507,1315,-1660,-853,2875,1208,-886,-779,3029,2604,-2043,-63,-508,-1126,-1189,491,2402,155,1085,1748,102,3030,3637,-108,-2589,-987,-920,-1957,1260,-1649,41,2410,150,2840,1354,-488,2463,1689,1257,1432,-327,-135,3438
792,-1666,-695,209,-819,673,55,-1623,2008,-2137,-2554,80,-353,-875,296,-656,-241,-1506,3213,-125,3297,-4179,880,3418,-2351,-877,-375,927,1346,-1293,730,1139,-3266,1247,-2901,2515,184,-2950,299,541,-35,-142,-1936,-1724,1043,-1473,-1080,66,2713,2579,-1958,-350,-1699,2041,-193,2604,-3056,-2522,2457,560,1378,1721,697,1330,-386,1278,-2133,-1101,2045,383,-1182,-522,772,-227,2997,-380,3647,232,396,-347,-1972,-99,709,3474,-921,-2438,-1030,1747,764,198,-1201,1175,-82,1752,-1097,-695,772,-1557,251,-126,-744,728,-3212,1818,-4195,100,-127,535,836,1376,-1481,-1118,-2447,2002,-1847,-501,1186,802,-902,-2436,3213,-111,-1835,-905,953,-1892,2104,-533,177,-1820,1236,639,-163,371,-511,399,-1123,2495,2849,-1771
2208,682,1402,756,-1039,725,925,-465,-882,-1115,2162,-2802,-1062,-2416,-822,12,-1224,2230,-853,-1412,2715,-2362,1480,-4499,-3874,-2420,2297,552,3943,1218,-1669,53,-541,-3276,2241,-2285,2743,-2209,-876,-20,1056,397,2518,3024,-631,1560,4169,713,-1535,-300,524,-4423,635,-721,2290,2281,-2326,-127,-9,-1262,-3893,-854,2495,-2758,1279,-224,2238,-682,-434,-901,2823,-2337,-322,2047,-216,2255,-3417,564,-135,-2935,5468,-3537,1455,-1350,-1782,-2021,3094,-3006,1941,-469,-201,666,-486,-2243,5132,-2860,1409,-2583,1006,-1544,618,-4098,-1113,2077,118,-1641,1598,-1371,2521,3077,126,-798,-1719,1305,-4045,-2600,-365,-1246,-4695,1798,-252,-438,567,113,-3069,-335,1711,-656,-237,3099,672,-1366,-498,1149,1333,-2994,-1299,1082,-1125,1007
606,916,-1196,314,-2524,-4204,552,-834,483,-625,3497,-3344,-291,-1226,-1676,-1893,-1775,-2016,-6,-551,-1033,735,2121,-2652,1446,-4259,-2450,4475,102,336,-1894,-1037,493,2183,2368,113,-1677,-1966,892,-1415,273,2670,-1976,630,1065,-221,911,1994,684,877,-859,-547,-642,-107,2234,143,-263,1072,-630,-1213,-2181,-2858,-1122,299,922,474,-2264,277,1321,547,3633,559,2223,1200,1451,-1106,452,3705,3299,71,2559,-1854,-2602,161,-2807,-2625,-1138,-413,2179,401,-1239,1845,3965,-961,1552,-897,-1488,-4410,-621,-3072,1531,863,-5130,-1100,2089,-4718,3892,-1174,129,-1002,-1862,2535,1269,-1601,-3470,3444,92,287,-4909,2842,-274,-915,759,-2491,3244,3419,2605,-178,789,-321,1887,-3494,1126,5687,2087,-2393,-2830,-357,-4035,1710
3744,-3456,100,-2763,-399,-1120,-915,-1580,1617,3077,-76,-3475,4513,912,-375,-2695,4018,1101,-1471,-1428,3726,-2662,-58,2470,1820,1805,-1759,260,-342,208,1844,362,-1871,510,2482,-2729,-4144,1280,1934,-2532,-460,336,1255,-3233,697,-1383,1172,-4909,795,790,-2602,-2643,-352,2818,766,269,2615,-1526,-1711,-64,1653,-910,2336,895,-944,552,-302,-917,221,-2654,-1537,-2329,-801,261,2946,-413,2376,1784,-1716,-679,2145,675,-3774,1709,321,299,1468,2342,-1231,-127,-276,795,-1831,-528,764,-1621,1233,1565,-1443,2534,-571,2,-2075,1307,-2345,-326,12,-2884,-1168,-822,3642,-630,2327,2121,-243,776,4178,-3201,-978,-1592,49,1272,383,-1575,-314,-36,-2441,-1329,-42,-192,3180,413,-486,-1588,-2398,410,2470,-628,-915,619
-1890,305,1590,-1818,-1310,-667,291,-1495,-169,-231,-350,1577,3679,-122,76,-1331,3893,-74,3057,-4990,1369,3805,-900,523,-3958,2838,-1441,-2396,459,279,-3468,-861,4329,3203,-2654,467,195,981,993,1426,-2449,-1161,-1459,-795,-3203,436,-300,-954,1829,1201,1932,125,-161,-1217,-2082,-3487,-2815,-1326,740,2301,491,6061,-439,903,465,-1927,-254,-1215,790,3057,-312,3074,-2656,-2806,-1072,-2240,1964,2385,-1971,1274,-3890,1364,739,340,-147,1624,1807,832,-2581,2205,-624,2796,749,3034,767,-405,-1832,-4767,3339,-169,-1788,74,-2328,1371,-1653,3644,-1296,-85,-1004,-2484,42,541,1444,-551,-800,2430,1806,-1366,1251,-3090,485,1117,-2169,-1168,1352,-742,-628,4997,1457,-258,624,-771,-1773,-1064,-89,2288,1090,3175,979,-3268
1157,-3063,37,-832,-3810,-3039,1098,1097,592,-755,533,-630,2540,1631,-897,-1411,1174,-432,1042,1755,-2740,1369,1621,-201,746,277,-992,2043,-2774,3298,-1075,-613,185,-2928,-2058,2234,-5103,-2808,2637,-978,-4252,778,-1388,-1130,161,-1284,2697,-131,2350,-2625,-1543,-258,1449,1886,-268,-1259,1148,962,-670,404,-1841,-731,-1958,1143,-2054,-3315,-813,1161,2312,-963,-908,739,2651,1325,403,1891,1147,3560,596,-585,-972,-2898,-2918,-1875,-1726,-1769,-4381,2585,570,2514,-2857,2319,-1053,2438,699,1369,-299,1159,-308,-703,328,2312,137,2843,-2495,1960,-2844,1950,111,-1599,1131,2896,4012,-2298,-1661,1784,4464,-2097,76,3763,714,-626,-475,-1755,-265,2633,-494,1166,2450,238,2641,1856,2687,-203,3993,21,-378,-575,2042,3395
1516,-62,-1299,852,-2579,-321,-698,1523,-983,1449,1979,-2057,-510,-1386,-2644,-331,-3117,-1204,488,2454,-3317,-54,1887,631,586,2375,-2131,-958,-2925,3465,647,-1079,1236,-2311,-1602,843,-691,2493,967,723,-484,493,236,579,-381,-314,-2112,-964,441,-2946,2200,-576,21,-1532,1045,191,384,1780,3233,622,204,-1659,-2845,-479,663,1150,135,-1169,-1212,-920,728,-1406,1252,449,-2711,3314,62,136,5165,-2924,-834,248,-4156,865,1841,-4815,-828,947,2441,-2096,-1266,728,-2638,-1978,-1749,1989,193,-1475,1791,2858,-2983,3474,1603,-676,256,629,672,-391,939,-443,1327,1615,3237,-2847,3538,-3656,3524,-1860,-2416,583,-1282,2120,741,180,-1831,2281,1359,-1630,-1579,2449,920,1763,2160,1261,333,1699,-631,-2404,-1703,4217
2914,-80,-5332,-37,-2907,-4002,-368,-303,610,-1440,-515,-526,609,-1577,-81,-1443,321,-626,-537,1335,-276,-1037,1383,2603,285,200,-2715,-287,-1733,-52,-696,-1132,-1154,79,28,-2325,-1621,84,2041,1454,298,3195,2040,-771,940,-1486,-1314,475,2521,2586,155,-2284,-320,936,2871,-1219,121,1520,-1895,445,-822,-1063,-1303,-851,-1993,2587,-1787,-2160,281,2531,-1034,-2446,-664,1217,633,1592,1995,-1544,2054,1052,761,2709,-4476,-406,962,-5028,-334,1589,1040,-4317,-2516,629,-73,176,-294,-313,1528,-1751,1167,-782,-314,508,-2079,-1428,-1358,-2364,4611,-2457,2367,1034,-270,982,622,-891,613,2764,3039,-3433,-2233,-3313,1016,-2465,1984,256,1781,2863,3232,-3967,-3459,-511,3681,-2136,279,945,1165,-1912,-1980,-1617,-2223,-979
-78,-462,913,-1724,2578,874,363,1020,188,886,24,-1215,-1284,219,-1645,-1991,-46,-133,-1950,2753,2100,-888,-2427,2255,4943,922,-878,-546,-1123,-1781,2034,-1144,1824,262,-946,940,-475,440,-1101,-8,544,-2385,544,-1268,352,-10,-1208,-2676,-893,115,-2200,991,-1370,-1952,1061,1954,3464,215,-175,-1613,1560,1133,1584,-2782,158,1448,-1626,-1172,-692,-1274,-21,-454,1533,131,-1715,1390,156,-639,1808,376,-269,1855,-303,342,-10,459,323,102,977,-1133,467,-1974,-2832,893,-4027,2595,1616,2245,-2413,2492,361,145,1455,-1536,2170,630,-1217,137,-967,461,2335,-3990,-1037,319,983,-1175,-2308,518,1504,267,-1181,1688,1187,1214,509,-2527,851,-2830,1331,-100,-1149,2059,1084,250,-3623,3294,735,-1557,-2188,-69
-553,3469,-1654,32,-1315,-123,-247,740,133,12,355,-408,-1896,-96,129,-972,-42,505,2697,-637,-1764,2278,-583,-844,-1188,881,-1344,-1532,-1318,1109,2511,2569,2016,1072,133,1207,-979,-3265,3005,1212,-605,-981,339,-238,-3396,790,1798,629,-2542,1448,3278,72,1284,-3878,-1806,-2871,-1676,1131,-167,829,1001,2490,-1262,-1550,-1096,2406,1548,344,-539,2571,-148,-839,-1006,-565,748,-1356,1003,-1067,512,-782,-2045,2292,1700,925,0,-622,-739,-385,1314,-2266,-11,-387,2838,1064,1745,1868,-1983,-421,1131,-1706,-551,1031,688,-1559,-1434,-1849,-69,-73,790,-2004,396,1800,2996,-2203,658,2811,-567,42,-3094,-215,-939,-3726,1218,-721,1760,2205,-1031,-2107,-1488,2517,-2083,-1122,-164,1155,-822,674,-1652,186,51,440
530,-28,1838,192,527,2144,-506,75,702,-912,-315,756,1708,-649,-92,2423,-2020,2043,-615,44,-48,341,335,-913,-3152,-30,3365,-1470,1295,1881,920,2427,-356,-2984,1369,-1626,1582,-201,-878,1071,-118,1221,2046,-410,-250,2175,3845,78,-374,-525,622,-1302,-646,2031,905,-596,231,-35,1709,-2398,-2180,-2505,1043,1755,1682,-1853,1357,1725,-145,-3396,392,-1470,-1070,2033,-1753,-503,-704,-220,-1140,-2719,2267,-2896,2211,-2343,42,421,196,-805,-397,-617,983,1211,-3165,-1704,318,-2012,524,449,-970,2350,259,646,-637,3073,165,2184,-683,497,2501,900,258,151,-1220,-367,939,-3298,-90,-2199,-2924,-805,712,3345,-893,1484,-2043,143,-799,-786,-1460,893,-1146,-2041,653,-711,275,-167,2493,618,451,-812
-2831,1538,2743,-1094,3770,1641,-638,-2083,491,1986,1543,-4359,-310,1920,251,3123,1336,-106,278,-2837,-734,-522,-2527,-1412,2729,419,194,-295,2065,-1698,-317,-1203,-1821,1827,727,2734,569,650,-812,-3011,-876,-458,-3381,1352,-847,-1968,-212,907,-3458,-2544,2236,712,-580,261,2699,1259,1909,-1178,-2445,-1044,894,646,2003,2222,857,1493,1068,-1760,2007,-779,3662,2958,-226,1027,-344,-3461,-1647,2307,-3271,582,-503,1647,4856,1041,219,3453,1280,-1461,-2680,4803,1047,-1133,-241,1033,1211,2033,-1923,-713,-2646,-1332,-1546,653,413,247,2521,298,915,616,-1021,943,-138,-1573,-2020,2652,-1943,1822,-2019,606,238,-123,-672,541,-1707,277,611,-154,496,798,3328,-1116,-1635,824,-884,2026,-945,2440,-342,-1735,-641,-1714
494,-671,1790,-1866,2215,-900,2472,1619,1430,-704,3021,-1126,1212,-3399,-789,-1003,-2514,-2053,-1536,296,4070,-1091,-1676,352,3169,-2960,-30,1247,468,1047,684,112,363,1628,1938,-390,549,1019,-1228,-2096,1811,-578,-1409,-2325,868,-185,2101,-503,-1985,-2829,-2250,-250,-2188,1052,1107,2596,4122,-1619,-1433,-1880,-2927,-1801,1131,-4610,-496,-3363,-1653,-1974,253,-2359,-621,1225,2623,351,340,-4105,-527,297,194,578,-417,1306,1419,2138,-2118,1904,2490,-2069,-3809,1396,382,718,-1468,-2599,1740,-343,437,1162,-2821,528,2623,-2708,2334,-1166,3745,-2883,-3051,2348,-1341,900,-292,771,-2461,-566,-4080,-2418,-4276,3653,-1448,2116,2499,2618,1782,-2263,-328,859,366,200,-2420,-259,-1173,992,103,13,448,-3318,1370,367,-3024,442
1268,-882,92,-232,13,-3310,861,-938,-2604,2912,-1019,-584,-1567,-1146,-343,-3060,398,274,-49,1547,-2839,1333,2220,893,-303,-3255,704,908,-203,801,-861,-1982,1743,703,2840,-2075,-199,-113,-997,1944,2354,2,359,-1385,-1238,1350,-1364,739,732,1245,-1365,-739,69,-721,1354,-916,1857,-216,574,1851,-413,449,-1328,-2474,-692,474,-214,-61,906,-974,634,-684,368,678,-2229,118,-377,1428,1989,1248,2298,358,341,-2034,-1036,541,570,-1530,491,-4171,-561,1184,1616,-1180,-3087,-3867,590,303,1834,354,1948,-1438,-925,180,2158,-2977,1852,1610,-371,-1770,1238,1220,1057,-2092,367,4759,525,-1076,-914,1921,-629,-2230,1857,-1011,919,411,-1174,2349,3239,-371,4,-225,179,-1730,-2023,-1487,718,-2356,-1138,2337
-1089,737,2706,161,998,1162,835,40,-1474,579,1007,90,-1899,-1212,-1903,-875,-2993,-1981,1207,-68,-820,423,1800,-1599,-1935,-97,2360,563,2408,148,-811,-2267,1554,936,-1067,945,1090,778,-1998,2380,1883,-500,-424,1222,-1107,336,-190,2178,-1108,-118,827,655,-2042,-1694,1290,1915,678,714,1084,140,-767,1763,1570,-602,3137,270,122,-1271,-1203,-934,1853,-260,-2344,1349,-1744,1064,-1457,893,1435,-1270,-295,-1734,1083,345,-2952,230,27,-2811,1368,1041,2644,1278,25,-577,-2182,-1607,708,-1071,455,659,119,-431,491,703,1929,747,790,1477,-1539,553,1064,-2337,-1789,-94,-988,-544,-3230,1882,-1075,3039,161,1904,-1083,278,-688,-1237,-459,947,1804,225,-513,627,-274,551,-1964,612,182,282,-74,1282
36,-51,-163,771,-512,-2036,-801,-1363,-1584,1569,-630,-3106,-793,332,763,2232,-1487,162,243,-1369,-3828,2195,240,-2227,594,-1778,-699,2945,600,2447,868,244,-2680,219,2166,-1397,565,1110,2292,-827,-279,1746,922,1357,-1629,813,-362,442,-2151,-1842,-31,-396,597,-214,3036,-1811,1180,160,1964,-829,-498,-1658,-2204,561,1412,56,-1382,913,254,-2130,3480,-186,903,2490,452,2553,-1389,92,1108,-746,1141,173,-142,-641,-688,-1600,708,1250,945,167,-57,608,1021,1759,1120,-924,-1961,-1592,116,-25,-191,1847,-1703,2197,610,-87,2303,25,-1353,425,890,663,1534,494,2001,1276,-619,-2971,1,2980,-230,-1668,-1407,-2522,-870,1816,-977,833,1555,-45,-1446,-1116,-1617,-548,-727,193,669,-3581,-1381,1602
-216,-227,-146,656,510,-1177,-553,-3135,53,3385,-2582,1533,4054,3961,1621,128,1381,459,-3280,-1379,-2754,3542,-84,-531,-45,1213,694,894,-290,-1295,1342,-1539,47,1651,-345,475,-301,2690,1524,-1524,-1273,-243,1524,140,-1704,2012,792,2157,83,1441,-532,-1613,1639,1059,-2314,-5334,177,1067,-89,-1489,1240,-1335,877,3292,898,-351,1117,1825,1457,-302,110,837,-1572,690,-268,-1469,-623,-1139,-1704,1103,948,992,444,-3287,47,3448,94,267,-1415,-813,-1011,2481,-725,-1107,-2799,1438,-1305,-526,867,1956,477,-1172,-2333,-1019,469,3322,-53,-1754,678,-1015,19,544,1130,-1300,2807,1920,821,-2515,1796,1445,-1384,1461,1075,-877,1636,-1497,-2889,644,3784,-1668,1448,-3976,-704,913,-1519,2529,2598,-1495,-335,-1888
-778,253,2464,-1918,1371,-27,78,-1579,3885,-2301,-1976,751,-715,-1271,741,-1513,-964,1959,2435,1736,1047,-1793,-1765,1247,414,-3608,2270,2425,-1321,-1096,-1472,1900,1610,-1139,1969,2801,-2894,-809,-2832,2027,1612,-852,-4068,-2624,973,-1020,-1201,-1004,820,3117,-881,-1978,-781,2571,-365,-555,-769,-665,-19,-2590,688,653,-3081,-1455,2629,-1948,3063,317,-305,1365,2058,2466,-1766,3880,2072,-904,2171,1021,1469,-533,1093,-2106,1214,2768,-4327,1300,-1587,-3570,1397,958,4100,-1107,-3278,2133,-2884,-2349,2274,1324,-446,-365,3556,-2079,-926,-1198,-3084,-1194,-556,-373,1464,-426,1371,128,-1763,739,-1276,-998,919,2522,-314,-981,-1281,-1898,-202,2771,1439,-386,-629,275,1286,-5174,-1352,2146,-1522,-419,-1955,-448,653,2602,-111,92
2710,502,-3042,2420,-1790,-1598,226,-2401,3340,517,-4551,2499,-1261,-768,3841,-2869,-1850,-141,-37,1366,-382,221,4191,1192,-2494,100,974,1659,373,-2783,1541,260,-2865,-1644,-797,603,-1099,-3124,512,1546,2787,-175,963,-52,2309,1511,-277,1715,1315,1907,-3205,-884,3022,1072,-2801,849,-3334,1344,288,1900,-868,-70,-511,-753,-1413,-679,802,1410,915,-682,-572,-55,1093,2427,2456,-714,3011,-2522,202,3387,-433,1514,1510,-826,-480,1797,-3734,-1507,1737,-3600,-1969,3936,192,-804,-3520,-2497,1892,976,260,-313,2046,-3016,-848,1786,-2987,-958,2286,884,2688,894,-2699,3093,-1715,-231,1348,-504,1467,1122,432,-2176,-634,-2546,2928,1282,3290,-335,-1283,-698,792,-1467,643,-1943,3622,-1802,-852,-1242,-39,2193,849,-2827
-347,1334,-849,-463,-1043,1745,-495,3311,-1666,-1645,2614,2015,-455,320,-1285,98,2713,1628,-1315,1573,954,1629,1704,-1410,-1171,3654,-2447,-3737,-1204,-1281,-1177,442,2877,-1036,-754,-2356,-1482,1155,-475,-108,1259,1375,583,2232,41,-306,1898,-1506,791,-676,-116,-319,417,-2391,1929,1572,-2808,1657,-1513,2902,-248,1860,2155,-1153,-1075,518,459,671,-2543,1579,-892,-1114,-1397,-1392,-2608,2726,-1526,-180,-3109,83,-1103,-1463,-1574,-344,885,384,-705,2043,-454,-1281,776,-1402,1507,-1154,2385,-559,259,1183,-802,-1091,-1442,794,1615,-370,1122,1793,370,-802,-1917,-1960,479,-2952,1489,-2097,-1086,-817,1300,-440,812,-789,-1200,24,349,1592,-447,1970,1730,-518,-2669,2740,1330,-1012,570,1083,1360,-472,-1578,1488,-166,-1505
624,1414,-1328,1947,-96,2721,-4620,-2060,2857,2969,605,-2123,-1382,1440,1796,786,1632,1631,131,-398,658,-746,417,-2108,-574,-541,529,-713,728,-1820,-175,-2651,-2648,1173,400,242,-1370,997,72,-813,-1868,1047,-1818,3188,2161,-1859,-989,-1244,813,510,1805,-1683,2976,-183,-466,-1041,27,2606,681,-98,99,-742,948,2146,1992,3527,2513,1590,-587,-1414,755,-1490,-1345,-1072,-5,-1022,2258,1857,2610,-986,-886,601,-825,-1420,2986,-2278,127,-2385,-1135,762,-269,845,-59,-1211,1739,484,2128,-783,506,124,-996,-462,-694,-628,331,-1689,1840,-1013,1425,3,570,1189,-389,2983,1577,-1084,223,-1521,-807,-4116,-1372,3037,3411,1462,373,495,1445,-2758,449,121,3080,-644,3244,1300,-441,-1572,2063,1010,-2038,1301
218,-2494,741,-927,172,-957,1698,-1303,679,-1107,-732,-273,1354,-953,-184,-752,-190,-1162,143,1871,1512,-1309,-544,2446,721,-2984,-658,1207,958,689,383,-130,-1469,2657,-855,1783,-452,-405,-1882,-829,-718,879,-2584,-2807,132,-75,-1927,-1247,3968,1557,-1565,-1240,-1617,184,1691,1265,-99,-2509,3007,-730,-665,-1245,-472,-1322,654,-3064,-2604,-1972,1524,-172,69,1445,2392,-1501,-252,-1166,3108,2635,1248,1382,-734,-124,-147,-135,-2276,-738,-55,1050,121,474,-2410,-663,-1149,1966,-2089,-303,306,-1240,2147,942,1330,15,622,-342,-535,137,-1493,550,-369,-145,-1045,-1156,-39,-60,-2248,-342,350,1305,100,245,2314,2124,-874,-1581,1419,-1229,914,1811,1856,-2739,2259,410,-1093,-366,-1102,1393,2034,-1205,-363,911
-657,1255,2326,459,65,1749,-850,1646,896,-137,2255,-1292,-2521,-1410,-1359,-1405,-3295,310,-686,103,1112,-92,-449,-1672,2218,-887,-575,1583,607,-311,-439,98,2782,-1153,1259,18,-664,-20,536,154,999,-1838,1545,2920,389,872,785,-1001,-2982,-3013,-1051,1942,583,-1299,29,1526,2743,2407,1153,-1861,-824,331,-1001,-2142,1883,1348,981,135,-1224,-678,-265,-2384,468,-275,326,679,-3006,-583,2025,-3546,-242,-2472,-1152,2690,1212,-1323,1316,-1889,1121,1090,1773,510,-1361,-634,548,-721,-1348,1038,-253,110,266,-975,1836,-962,-7,1096,-1858,1963,-1097,444,2157,215,-815,-489,-7,-3203,-1066,2032,27,296,-2427,2503,887,449,-998,-295,-348,-1130,-1543,747,-3982,777,2034,2171,752,392,-1492,3646,-2030,2298
-3125,1399,1150,-1469,2245,24,-1543,3068,-2022,-3505,783,2174,-1319,-1781,-749,1323,1041,2321,-889,-1841,231,2667,-1236,-1670,57,-221,-2643,-1929,-846,-1015,-3570,2598,2144,448,1544,-2685,504,2078,427,1976,3480,822,-121,-1078,-1073,2408,2704,299,-1390,1413,-21,980,-3085,1075,2450,-780,125,-443,-1820,99,-483,1009,-161,109,3505,-1306,-2560,-4,-1599,2161,1359,-602,-1223,238,-664,144,-820,-486,-509,-718,57,-620,-604,1980,1277,1601,1729,741,-1608,-1631,4005,-2267,547,2881,767,-200,-2704,525,-1926,-481,-1515,1189,-1082,-518,1617,1312,2608,-546,-3121,-94,-1704,-1728,616,-2368,-512,-397,-910,-601,801,-612,463,821,666,3480,849,2817,2009,1356,-2493,-968,-2311,-1372,183,269,-889,-1478,-963,877,-1961,-1526
759,-945,-3,1302,2399,-863,-739,-2393,-889,2693,-2597,-1887,-1234,-1120,946,-231,946,306,-1125,-486,1302,-622,-299,-1248,447,-2972,820,769,-198,-636,-1414,-1323,-1083,1889,1552,-483,613,1144,-745,923,637,-3015,172,-387,-1415,1975,-975,1346,-1330,2107,-2854,-3107,1786,-104,-104,-400,-1063,118,-1766,816,1033,-2189,-2159,318,2432,1639,1261,-1979,-39,815,1632,-619,1051,1063,2801,-1004,-435,-919,-209,-586,3612,2158,1497,1871,1929,-329,1672,-1415,-610,301,-1940,1718,-2559,-1566,-656,-976,1610,-1637,1282,595,342,-2891,439,-496,-156,-2559,359,542,-1323,1816,-686,2165,-1377,986,1569,52,804,1010,1975,-1691,-1570,1553,1149,-2069,-121,-991,-765,-976,2153,-3491,-760,-127,-2561,261,73,-1363,-1478,-507,-1181,-1726
-1143,-4801,2388,2210,376,87,613,-1170,-2837,3059,-1393,1247,1187,1803,379,-2356,-453,-4188,-4076,-1542,-860,-2639,1738,3335,1332,1307,-3038,941,1245,-2550,-842,-514,-82,1201,-3583,2255,878,4385,-780,-1508,-1372,-280,-1570,-652,2845,891,-6343,-324,3727,-3177,-1605,967,-1836,1873,-751,3429,2988,-2761,1158,3366,2603,-1308,2276,2317,1590,-640,-4935,-101,2319,-2878,-2040,-188,4578,-2126,-11,-416,536,2183,1745,516,532,-1639,-2325,2147,1331,1129,515,1427,-267,282,-1948,1324,1071,-2613,-4570,-115,-848,-683,-668,823,-2866,346,-345,699,814,4389,530,740,-1423,264,-551,-1347,-1524,1706,-988,-390,1192,663,2875,1368,2085,4929,313,-1865,-942,-3900,-1218,5288,4203,-3871,2464,1595,2706,244,1578,4035,2218,531,2352,1117
-706,1966,1525,-1118,295,1759,-1486,1337,867,-341,1682,-958,-2976,-1709,-141,-1621,-762,1221,2379,-576,-560,-1679,420,731,-1509,999,-772,-1009,1068,-252,1257,999,-370,1370,524,-252,-225,-3805,55,1784,1697,300,-376,-171,-1477,-1122,-824,-1382,-149,-658,1092,2994,-1392,722,2146,1493,2238,545,-1050,579,166,1053,1235,-3679,342,1806,913,649,316,-1135,-120,74,-486,-1561,-2396,506,808,1499,777,-3346,87,-1977,1754,979,-936,443,1228,-2794,1234,-1970,4520,-2403,345,2083,1351,-1523,543,189,-743,-178,-1198,1000,851,1384,-378,-1475,1556,820,-598,2616,3019,-1878,1468,432,-1516,-620,-1412,-960,-2451,1478,1151,-759,1151,1477,-1909,0,347,-2390,621,3432,-1475,2248,1559,75,-2290,1199,1607,1788,1443,4644
-3212,997,-35,1461,1680,1450,-2469,3973,-2397,-3563,-749,2199,-4741,1062,-1373,-551,692,3073,361,52,-1248,621,-172,-2038,169,-2931,-3233,-286,2201,-42,-2414,2870,-1349,-143,609,951,-338,-1767,141,2984,1729,-339,700,492,495,1758,-1507,1773,-1571,2571,1123,3593,-2509,-500,761,-2462,1431,61,-1899,4326,1310,173,-1632,221,406,-214,-2876,-235,-452,1315,-1043,-3596,931,-2032,1339,-1748,-1233,-1598,1172,-2520,619,-3009,-351,3574,2091,-279,-233,559,-546,-1464,1838,-2818,1567,609,3050,-1099,-933,1503,491,-4360,2253,-245,-654,1893,-1350,-2513,2112,2155,-705,1835,159,-1624,2752,-1169,-187,-1286,-64,-1292,255,-1753,1840,-1297,2043,718,437,-395,4893,-93,813,-457,-3398,868,1047,1293,1530,-1683,215,786,97,-508
208,462,503,-718,-1302,-1565,-784,-1568,-460,1463,120,-1291,189,234,1877,1028,1365,902,1481,-1926,-1730,1435,984,-1665,-2352,-475,-101,1819,-1499,-396,-167,-1153,2026,-755,1968,-2478,-1021,658,1674,-1275,-137,925,313,-473,-1179,876,2579,116,-2884,-1776,-859,-696,2739,1107,1142,-962,-371,-1422,2610,-652,-788,2843,-24,393,213,1172,1363,1632,-22,-2018,2152,-834,-2107,3355,-144,2057,-584,2051,679,-57,-931,-345,-614,-1109,-1145,483,1954,-1388,-893,-174,1413,1049,2067,2017,444,-1445,-1606,361,-1101,413,-1541,2221,-2424,-296,1177,202,245,-2695,-383,-1558,475,489,661,63,-512,5313,758,-2543,364,2959,-1493,-3018,-159,306,84,2451,-872,1810,1227,706,-666,296,-468,-179,-1974,-608,678,-1313,-369,1585
-371,1448,554,1950,-148,-101,-346,-1207,-1367,2167,-227,-1366,-1595,-1010,2550,2465,-1738,333,-243,-2105,-1822,2515,963,-3479,-1374,1633,-574,-83,524,758,1223,101,144,-1090,899,-490,2287,2005,2138,350,-1299,773,158,450,-2139,2571,976,1157,-3616,-1208,797,-1395,2122,-841,126,-866,256,-613,945,235,-968,-587,677,705,1082,843,-1147,447,-1084,-1357,4705,-110,-900,2838,921,548,-778,-177,105,875,939,883,3380,-543,133,1198,-728,-1624,-239,1239,-1636,2256,617,469,-851,-1194,-2499,-2623,-1744,-581,-943,-760,185,1798,2738,1422,389,-178,-1124,339,25,1367,-1536,1406,693,963,-672,622,-676,2009,-1541,-2214,-281,-2325,-2178,2200,-1977,1641,1089,542,-2519,-1265,899,287,-599,950,901,-820,-764,-12
-2045,-24,2009,993,475,-884,2429,304,-3847,711,152,-645,-234,2,-2213,-578,-2984,-2739,-647,-220,-4173,695,225,1484,-994,-293,-795,-1963,1060,3160,-1014,388,2404,-307,-2169,1460,2640,1342,-267,1895,-2143,-6,-63,-382,-1658,1566,-3360,3126,-507,-1694,3839,692,-3096,-1540,1988,457,243,-1387,-1031,3172,1260,-90,-1011,-698,1570,-818,-2294,-1983,1073,-948,2578,267,1858,551,-2342,-2862,-971,1473,1339,-1806,940,-1125,4076,1090,-1263,708,1261,-980,-295,-908,-798,2022,432,-1627,-75,278,-1686,-4145,124,-820,-958,202,966,913,1539,433,842,664,680,975,-1070,-1185,766,-2624,-2232,1098,581,-430,-3257,1546,2386,1009,-850,-2153,-623,-1115,1248,3768,3264,1155,-180,-792,-2482,2218,3507,4750,-850,-1993,1618,1048
-1967,1255,-1817,4075,-859,258,-981,513,-1319,-1350,-780,2258,-3313,2173,2298,452,1170,661,-1705,104,-2873,874,986,-2959,309,-2939,-323,-466,-726,-4134,-363,2112,-599,610,-1150,907,608,-2981,-1157,210,-1621,-29,646,2093,532,1710,-690,3373,-317,-128,-39,1093,1931,-2006,-326,1064,-2173,1336,-1331,2717,62,-3735,-1440,2491,-955,534,849,1834,-746,2298,-150,-37,2073,-1649,1552,826,-859,-531,159,-694,2120,-5,850,-2673,2286,-219,-2247,-1413,573,-568,-1623,-1450,3149,-841,1208,-1343,-314,549,617,-3082,731,268,644,286,-620,-1844,1555,536,977,1705,-2839,1247,536,-1102,-913,1572,210,562,935,196,-1605,-1306,1803,-615,1418,-1262,1567,-1597,1539,-2375,-197,-1383,1014,3479,2969,-843,-2661,1064,1506,-816
-84,-1047,-10,-2653,2319,-404,-994,-1688,802,2691,192,-1623,2551,1188,-1567,233,1443,-1357,36,1916,119,-899,-993,3251,1876,1361,-2390,846,-971,53,887,-2592,229,5046,771,915,-1223,4362,-492,-1725,653,142,-3359,-2630,1643,-1962,-2689,-2871,2114,2136,-872,-943,-580,1541,407,-4374,1494,-1069,-698,-1431,3097,-425,264,-21,1070,2283,-745,-682,-111,-41,528,456,-1520,-421,-1412,-2965,3033,2844,519,2309,-125,2072,-2128,605,-846,1431,1334,1176,-976,146,669,-947,-689,-1474,-2118,2827,769,-144,-830,3208,-1214,2555,-1479,-4022,2179,-1005,1409,-1649,-968,-2306,1444,-1405,1315,1468,2709,868,92,-1565,1140,-148,-902,2253,-180,-107,1913,-289,223,-2156,837,-1696,1980,438,-1947,273,-3332,1642,1063,-3127,-3147,-329
2692,-2051,4,-576,-4754,-1487,2143,-516,3589,105,3077,599,3964,40,359,-4575,-648,-2600,1466,-1428,1719,-2183,1537,-354,791,386,680,635,692,2625,3682,-696,-830,-1938,-514,1093,-3042,-1778,520,-1627,-1851,1346,-1286,-585,1075,-839,827,203,4245,-773,1642,1374,-3962,2689,-1472,758,1065,-2110,3114,-1617,-1049,-1175,704,1479,-2892,-2664,1210,1288,3071,-1132,-1831,1920,1252,-2005,2233,724,1335,1530,1506,1133,-155,692,-2906,-966,-3010,-1290,-2888,-1197,1299,270,-4030,1758,576,-472,-2457,-1595,1088,-1245,2343,-985,791,-846,-1060,1779,-1752,43,-2249,-3649,970,-2150,202,4562,1272,-1821,-2177,219,749,-776,-3511,2210,2954,2507,1314,-1171,333,306,-2831,2551,-1243,-36,4963,1425,2213,-2339,-75,-68,1807,1728,1531,3762
-112,2021,-355,-2679,2381,206,-616,1847,300,278,2663,-1027,-954,-208,-1309,-934,3065,2006,503,734,2086,1102,1273,375,361,-376,-959,-540,-505,-1388,438,69,1162,2988,3652,-2957,422,-1573,771,-304,3415,-921,1404,-1372,1662,1588,3246,1049,-2531,-482,-2328,3691,-530,165,682,-1806,199,1018,-2973,-707,-651,453,2743,-2231,-3044,792,-1860,251,279,9,-595,171,-434,-1205,-2570,-3247,-223,-312,-1616,2197,972,2063,2334,279,-250,2637,2648,738,-2593,-3799,2970,-1231,2978,-1960,3832,-169,-73,1977,-3720,-1441,1886,-230,-767,-873,1492,-3997,3155,1204,-2004,-1499,-650,-1551,2214,-550,533,1278,-2153,-565,894,1107,255,-1601,-525,1355,2617,2075,940,-785,500,2513,-441,-697,-134,37,-2162,-2180,-443,-199,-2039,-1594
3404,2025,-5020,-2959,709,-2002,155,321,3047,316,1270,-1823,97,-1454,2149,1540,1575,2064,-898,4285,-60,-609,-848,4080,4988,2428,595,-1836,-3037,-685,4313,-865,-1327,-817,2771,-1412,61,-783,1449,-2870,2854,1766,597,-645,1184,-2866,238,-1192,960,525,108,146,-220,-66,2098,-1109,2128,1696,-3638,-4245,-1825,-1552,-114,-1595,-5588,813,1392,503,1739,258,-468,3180,-402,1659,-4061,-11,1318,-4139,-2367,1724,158,5595,625,-3510,231,-311,396,2938,-1305,-4056,-497,-3227,-1447,-1103,-1473,2362,594,3814,-1597,-3,2303,604,-442,-2190,3760,-2593,226,-1633,2608,-262,2216,-66,-1444,-533,1588,2034,-1945,-2526,-194,-2914,1610,-5047,-155,1337,1032,1852,531,-3656,-1481,2033,-614,-56,-671,-1208,-2371,-2409,-1592,-5295,-2414,-1320
2861,-2334,452,-872,-261,-3154,1567,141,-880,2313,-1195,457,1874,-2932,371,-1983,-2835,-2099,-1583,1710,-1317,1762,2610,3695,-448,618,2054,2243,-2867,2506,1015,-1166,2738,-1910,2496,-3499,199,-255,-1147,210,3537,452,3707,-2484,193,1855,-870,26,1212,-1787,-2901,-595,-834,1849,-637,-382,2316,656,561,1185,-1780,-2800,-283,-3313,-197,-2598,-1163,2471,-1269,-4687,-221,771,2106,2428,-2841,-1173,-1402,-2051,3570,-2266,2120,-2509,859,-2583,-2330,-2372,2087,709,573,-2766,1311,2653,-2936,-2212,-2826,-820,1033,2492,-2917,4802,2035,2,-1448,48,2801,-197,-1303,1404,1220,-472,2514,1631,-34,-2391,2272,-1397,1596,-248,-1337,2750,1117,1964,300,-1387,-911,-39,-1762,1279,-871,-705,156,2788,1647,-2974,-1299,-1351,3196,-1295,709,2130
-2040,2360,-2589,1891,-1078,-319,-848,2191,-3432,-311,-771,1959,-2859,916,823,-44,2036,1966,503,-874,-2629,5369,618,-1016,-1901,1173,-3034,-1510,-1478,-456,-1618,1749,3047,2309,-1649,503,1358,-1114,2147,267,-1230,-354,1015,-655,-3158,2316,-532,464,-1699,88,1767,1406,2802,-4338,-1731,-3093,-2120,731,-473,5493,994,2176,-934,-36,-2111,72,-2423,182,-2712,2424,142,563,299,-1800,-1003,624,1153,-1279,951,-180,-2304,1095,1029,-383,1069,23,342,1562,-726,-2107,217,-1327,4171,466,2400,1300,-2754,-794,735,-3051,467,509,-985,657,876,-645,2280,1642,-429,-477,214,-1500,3011,-1678,2410,2461,-348,709,986,461,-1477,-3943,101,-1855,978,2176,1514,454,725,2245,-2650,-289,-226,179,-101,-157,-847,25,63,14
-857,-2414,-756,-1658,1609,-1306,1432,-239,-571,-668,-1799,1245,4036,831,520,3254,-61,-2136,-1938,717,-491,99,-2534,4598,2082,1446,-1267,935,-752,1048,1701,-311,-1822,2485,-3193,-1030,1723,4899,1432,-1596,319,732,-1156,-3081,-1331,-1374,-1367,-2202,440,21,-402,619,-1653,1762,-459,-1120,1844,-4039,180,-1200,1763,481,-403,770,-2896,-1628,-3589,-1833,2060,210,-1858,1149,1631,484,-542,-1419,1577,-1830,-1000,3404,-3485,620,373,178,2533,1730,980,4675,-3644,2020,-1548,-367,-1160,2437,-2884,3416,-3402,1565,-2182,690,-2164,2914,569,-1607,859,2944,-2741,-693,-817,131,-33,-1868,965,-363,511,472,-477,-322,3306,1019,2350,-192,-3788,-448,1650,-882,-397,787,-1895,-186,-63,-177,-3462,-2069,-743,1292,1141,-3797,2867,-1521
-587,38,27,-294,3257,708,-4302,673,909,340,88,-3037,-2582,-1709,508,2717,2161,2398,144,178,1843,758,-434,-1086,4285,-2252,-897,1069,-1373,-3400,194,-881,-2454,1561,2246,-3228,272,1588,-1547,-357,2571,229,-1056,-138,1134,1744,18,-1982,-8,882,-3444,-1196,1100,408,1358,873,3997,1049,349,-272,-1950,-1932,-1455,-630,332,454,-209,742,-509,-2530,842,-1593,633,63,914,-644,470,-266,2072,-346,1307,-205,-238,1019,4445,-1844,357,1214,-3468,2310,2415,-632,-2303,973,1875,-1219,480,2683,-3723,898,-352,1090,-1577,1066,1915,-2574,-468,1558,-1468,2345,1141,-86,-98,879,1757,-2026,-925,-1148,1746,-2099,-2875,1056,1297,-1199,8,-407,3880,-2102,-2476,-2340,-4782,1870,1213,88,-544,-2168,465,-932,-2494,266
2258,-32,-123,187,-2080,408,919,264,1622,1286,2358,-852,1607,-1125,-77,-2902,-900,710,-2423,-113,558,-1261,125,777,20,-192,2756,-1685,604,1344,1247,2190,2667,-835,-177,-2040,-1350,-544,501,1504,-2236,1354,1320,-1474,-1065,1831,1586,-1190,1902,-962,2519,84,-1194,-1527,325,2222,938,646,-379,-1484,-2373,1908,-160,172,-532,813,2170,-1761,185,-300,-2016,-1418,1256,530,614,-17,1621,1571,-204,-911,1478,628,-1164,-1534,-423,1051,-964,-1439,65,-303,-1862,1831,-2276,-261,-771,-2947,583,-20,2255,-1703,-1193,-7,1748,312,-1314,490,-857,1073,2027,1077,2667,3334,-413,-333,-1651,632,-1147,-222,-4133,-708,298,2809,349,748,-76,1168,-1027,-375,-1741,756,1160,-1030,1924,-432,814,-352,-347,47,-163,2120
1852,-202,-782,-2662,-2219,-4891,557,-2271,3031,-3382,-2655,-1418,-716,-3462,1752,490,-1051,-1176,6747,-305,1732,152,1398,1326,-741,-2632,-520,3944,-2711,-162,-1017,-1601,-3572,211,2248,-1086,-2277,-3819,423,-422,4126,1216,-936,267,905,-3094,3267,341,-1363,1536,-5177,-2118,-1565,3675,1450,359,-2083,-944,1306,-2073,-814,-264,-1857,-2143,-1092,-2292,-279,1185,665,726,3154,2224,-2094,4643,4142,2137,1042,-1345,-468,707,-1252,659,1162,395,-4519,-3345,419,-1321,898,-223,1235,1516,1572,3677,-559,-4074,461,-275,-1860,2145,2161,540,-3856,3677,-1297,-2740,1445,100,-1700,-1433,-1515,807,-2627,-173,-1838,1743,672,-416,-498,955,120,-4969,-3558,-857,1277,388,-44,-443,-1510,-318,636,711,-2046,-1153,-4327,-3527,-2831,2237,288,-1725
1397,-153,120,-1601,-2369,-2135,-730,778,805,582,3212,-2635,292,-306,338,-1668,752,1095,-646,-877,-382,165,1068,-242,3463,1238,-2222,843,-10,3530,-1366,-977,-1392,-2567,3396,-1609,-4203,-739,1864,310,669,1236,1700,1054,3089,872,1271,-1957,975,-626,810,580,-989,2359,3367,-572,3372,676,-1930,296,-850,-844,-1586,-908,-1764,-107,816,1529,936,-1074,2298,-416,-1027,355,654,1603,367,948,-1801,-866,3527,-2770,-2993,151,-1150,-54,119,84,-193,-794,606,-1317,1253,402,2545,-642,515,-286,-854,-1413,-1049,-267,-2072,1093,1415,-1194,687,608,-523,-640,1606,1832,1019,-1522,-2493,622,1177,-2329,-3674,1290,833,-2627,-281,-1053,-450,3050,83,2726,206,846,1708,-2559,977,773,-786,-1353,-1308,-1142,-1254,2054
442,2238,-1050,1054,2870,-332,1757,-330,-249,-1618,-1492,1695,-3154,-3862,2490,-1159,-2406,2937,-4507,33,942,-1584,-1975,1372,-113,-2520,1600,-1383,3674,-3349,-1211,4439,1941,-598,3849,-1222,4894,-2332,-2208,2147,3653,-1554,2482,-971,515,2094,-1777,980,-610,895,-714,682,-391,-2012,1128,-365,69,-1786,-1629,-1458,-2575,-581,612,-3330,-227,532,-2118,-1084,385,3155,-261,1947,2230,1617,-3127,-1459,-595,-3487,-1646,-424,4058,3105,2991,-1461,205,3190,2667,-1971,1001,-4734,487,-4018,-1221,-885,-2131,-1787,740,136,2216,-1679,4349,-5078,-533,-127,1140,-3145,4275,2489,3589,4703,-1997,-707,-4718,1685,-1321,-715,-3179,1663,1299,-3156,976,-956,1542,2559,1360,-773,148,-1131,247,-1071,-3977,-1212,374,-1181,-341,-1837,-403,-43,-3787,-2065
2407,-875,-1957,-233,-1114,-5608,2208,-2526,1960,-1108,-6120,2232,1739,-2191,4001,-2737,-1544,-445,-1451,1557,-1152,1956,1320,3967,-1847,-1847,-90,2526,-2120,-2374,1306,396,90,742,-375,-2602,-371,-2177,1211,1069,108,1742,1715,-3904,-949,1330,488,635,80,3531,-3837,-3342,2006,469,-210,-1284,-831,834,-2098,577,-3137,-1510,-3082,-4327,-597,-2108,334,-272,38,16,611,-1232,432,3415,3379,-2228,1669,-3473,-496,1922,2189,2328,2004,-2842,-2904,1615,-367,-2230,-776,-2848,-1946,4055,-3027,2670,-3057,-3658,1231,145,-329,3017,3734,-2328,-946,1332,-1779,-1559,-864,200,2796,3111,467,1497,-912,-1689,-1831,2321,1700,-776,-247,187,573,-4094,2769,-1101,2860,-1344,-1278,-2405,587,-2128,34,-2330,-1081,-718,-201,-30,247,24,-657,-2480
-580,-473,-732,509,225,578,-2585,-299,650,388,929,-2482,-2630,-430,3177,1793,2240,1129,112,-2857,2274,-2334,-2113,-2155,2755,0,-3265,1680,152,22,-356,-306,-3630,460,979,752,-876,-298,3474,-2320,-788,-989,-1080,-100,-461,-366,-463,-2369,-139,-317,-644,2428,1078,3120,332,781,1086,-1884,-438,-862,281,-266,-664,1509,20,1849,-2380,-813,2630,1695,1745,1087,2921,-1558,2709,1150,1868,-127,1661,79,-1709,1773,-945,2516,3239,-2325,853,1206,-544,1537,-2197,-2871,92,4413,425,2392,-1510,-1696,-822,-2794,-2934,1321,-693,261,-512,323,-84,-858,-2514,1007,-637,302,-44,3208,310,210,-299,-12,2910,-68,767,-157,-264,-194,-2333,1967,-79,988,1757,-538,-864,2550,545,1047,-395,-1492,43,-942,-22,3120
-1706,31,-529,-2113,-1281,-633,2345,3863,459,-3321,3742,2928,1861,2411,-2707,-2984,798,-2741,1512,943,-455,-1049,-1184,-887,1640,1016,-3410,-183,-440,1294,2163,1077,2458,2239,-3070,4146,-3191,-1271,843,-766,-1731,-390,-1089,-2734,8,-2061,929,1071,-324,217,2029,5265,-3114,-983,-1332,-2049,1305,-913,-2391,138,1300,673,898,981,-4222,-1814,-771,-1109,2030,2621,-4336,1158,-277,-2718,-556,-1661,1287,615,38,1008,-3746,1178,-2499,1896,-1815,1846,-1688,-389,656,2214,-1468,-2523,2969,-758,381,2507,-744,723,-499,-3313,27,3531,2146,-2614,-890,-11,-1434,-2277,-756,-3483,-890,358,5392,-1562,-1550,1894,-227,-912,779,3545,1820,741,600,-59,1504,-881,-554,-1229,628,1291,2430,1511,-1564,2503,2045,120,-2,-1240,1164,1603
-1607,698,1648,-521,-854,1244,1011,1267,-402,-1251,1215,2166,268,1332,-191,-1019,-352,326,1690,-1213,-974,-380,-1120,-1367,-1942,1183,86,-1524,1525,943,1005,1206,2741,-679,-1171,584,621,1309,-170,698,-2399,211,-688,250,685,396,-382,180,-1551,-445,2564,2057,-1876,-438,-552,-1782,-69,-1923,922,-341,553,2758,550,-156,163,-179,1343,1139,-1941,47,473,-577,-3913,811,231,1838,57,550,-397,434,-797,-469,-200,-1201,-3113,2779,-122,-2639,-32,415,1593,-1624,2377,465,636,-560,655,-261,283,-1393,181,-491,304,-154,-965,1704,728,-2619,173,267,1128,-1682,621,1595,-118,1304,-1793,-953,208,3297,658,-477,-799,898,-1674,-734,-2081,930,-541,2165,134,1278,-1322,-1753,349,2035,1578,1463,753,2680
-2545,-688,777,2270,554,773,-2043,708,-2201,-1015,-2705,1283,-3795,665,-149,108,67,1728,-54,1179,-2678,-732,-1108,1121,668,-2641,-523,-915,-2319,-2348,-4233,498,3078,-1072,-2564,337,1139,1680,-1846,3806,-2239,-1472,-45,1108,60,1597,-3144,157,-175,278,-191,811,1019,-1021,122,230,410,1935,2703,1749,1290,701,-4342,2305,1122,1173,-450,-649,-1571,1145,-285,-2474,942,499,972,2724,-352,-673,3109,-2794,604,-2269,-413,1092,3493,-2749,394,-865,690,-645,2276,-1471,-1610,1281,-2572,-368,186,-647,220,56,-1089,1162,1916,-835,-2730,860,1678,1347,935,1512,-621,-1559,424,-44,2672,591,2715,272,2118,-2614,-2316,877,540,2344,-1139,-2686,1861,-37,1851,-3362,-1187,2114,114,1564,1152,2576,-2101,1635,1686,1651
-974,3237,672,-2107,1010,-2595,-692,-1792,1781,-1946,-926,-544,-1741,-7408,4105,273,-2276,-1311,3408,-4478,-137,2694,838,623,-3473,817,-1686,651,-379,-625,-36,3343,2098,3689,2382,-1072,1955,-487,1790,2970,6269,-194,-810,-1430,-2085,1828,-573,1321,-772,1849,868,-214,-2178,-2069,1297,-2367,-2647,-819,-1559,-1076,-2539,343,-2818,-4064,4598,-476,-89,426,1184,1784,3667,4731,-1535,3120,-880,-2594,1352,-1336,677,-2621,61,3897,3668,1662,-2016,-631,4460,-1683,312,-1045,1692,80,-1128,3425,-1600,-1983,-2936,-3598,-261,1281,-1596,2800,-4097,1172,1704,-397,2050,-197,-1,1306,-112,3077,-2013,-645,-1986,-649,-2615,-2366,-1387,-1396,1312,-308,-1487,435,3614,1442,-1012,1406,-1808,-2764,-3337,-783,-2641,-1054,-2529,-2369,-406,-289,-3207,-3010
-1080,379,1968,1533,2974,2031,493,-2117,-26,2286,1173,-851,1899,235,1913,703,-1184,611,-6216,-4386,1757,-1769,-4921,-385,2445,-1788,1560,-497,3878,-1453,100,3080,-215,1844,3397,184,2652,1395,-1912,-3625,-532,-892,1351,60,-851,1126,-2358,-1563,-479,-2001,2869,-380,-2281,976,-120,302,2649,-3174,-1121,-2304,102,-2520,2812,1198,2265,397,-803,-1884,495,1138,626,2274,3347,-1705,-176,-5359,-1517,-164,-1489,-1514,2347,878,1709,-933,2212,3327,4012,-1906,-2343,1004,-1473,-3063,-1948,-1995,763,-47,-1193,-1528,1144,-180,565,-4235,-368,-1057,1509,107,773,633,1607,3252,-285,517,-3715,2211,-878,-2634,-3288,2044,-99,-1634,878,5104,62,-1110,-1812,-1631,-1262,1466,93,-1714,-989,-1247,501,1175,-195,820,3013,784,-1662,528
474,439,-1614,2237,657,2418,1281,-1094,-1766,1441,-854,-1841,-1586,2195,-395,2163,-778,-1648,-1226,2820,-22,-2334,-920,706,-1190,-1028,1742,-1826,913,1209,2212,-429,-1325,-1101,-2148,1142,2988,1268,-441,-1212,-2731,-819,1721,1782,-735,-2459,-2009,1214,-1045,-1485,2412,-2117,1162,-4812,1691,2756,-3119,-619,-46,653,1996,-169,555,53,213,2499,749,-1930,-758,-1123,836,-549,1379,836,-1614,411,-437,-1601,-424,51,-2043,1805,4549,684,936,-2501,1925,412,-184,-2056,-3630,165,300,-3612,1368,2822,1229,-1963,885,-1178,-553,24,2566,-2083,1235,-1285,-1141,14,1527,-512,-2198,-3384,-1486,530,-554,-425,-911,608,-752,-1691,853,-206,-659,-947,-619,-1662,1285,-2600,900,1099,2311,-506,-4694,1541,2687,639,-752,-3128,873,-1180
1139,-36,-1379,-799,-795,2578,-625,1534,-811,527,2798,-360,-852,346,595,5,5464,2906,602,145,3138,-782,139,-1881,-1661,2576,1298,-2307,-379,1162,153,624,2417,-332,-29,-1078,-531,-987,876,-41,-1197,-1786,1226,-1706,-1632,408,1838,-2861,1194,-74,930,2135,1299,-1793,-591,243,-2628,432,-731,49,156,2842,2036,1659,-2640,1042,-760,-1081,-418,1436,-1042,1846,162,-1460,-1451,2815,2298,937,-482,867,-747,611,-646,-1517,509,-957,-318,2536,-405,-279,-1270,-3423,1132,1181,2097,1415,1211,-535,375,-3542,-1427,1161,-284,-368,-53,722,41,-950,-681,-1830,1806,-1261,2023,2049,745,2015,-494,-4,1702,-402,-119,-181,-3126,731,-2003,1360,-781,282,853,2163,2179,2857,-1387,-1521,-814,-1761,-700,-1307,1461,1487
-1209,1136,-215,1995,-1011,127,-1775,1843,213,-2243,959,21,-2733,-1327,-12,-552,-2663,421,-1002,829,-1286,936,1956,-1226,-1088,-2253,-3258,1412,304,195,-1917,1020,889,199,-913,-678,152,-1022,445,1177,382,1291,616,1562,1836,2464,-1168,1378,-713,-1677,-511,1376,-217,-616,570,-127,535,2350,394,1032,-2352,-2109,-2616,-2129,1544,-584,-1919,235,-647,-349,1673,-2649,3330,797,-1146,-766,54,282,4694,-3502,-95,-3096,46,211,807,-3644,1048,-482,21,-1163,661,993,1189,-272,1552,-1172,-1337,-1779,-813,-2201,-955,2228,-517,377,-274,-725,1505,2190,303,2920,-1117,503,1671,-371,-1602,-2923,1399,-1109,-1298,-447,635,2886,1815,493,1778,176,5165,-569,-826,1703,-1393,-391,2191,3700,3054,-34,-936,1419,-1499,956
-1017,-2735,-699,-60,-654,-3863,2341,85,-2655,-656,-2027,2507,3098,1936,-657,-1139,981,-3270,-2146,71,-784,1898,-1757,1846,2847,-1172,-3379,676,-3204,34,-1588,-945,931,1875,-2610,1496,-1842,1602,-567,-1857,-1601,100,208,-1515,-68,969,-1436,782,400,997,-1660,-1043,-1036,1059,-1057,-941,184,-1343,1510,1183,2513,-1202,-1241,-208,-670,-3112,-3018,252,1285,2206,-306,297,2761,-1636,1788,28,-1001,-918,1180,3256,-2188,927,-2832,-55,-617,-336,-195,1773,-889,446,-2949,598,-58,21,-1524,2706,-557,-514,694,2375,-280,672,240,-2101,712,793,-507,-916,-1391,-2506,-2465,743,1428,-3285,-307,850,1503,673,1827,2441,1209,706,307,-2435,1069,-1423,322,3942,1668,-2529,2635,-979,-1630,1525,1065,1339,-89,-1539,972,-1807
1749,-2069,-2345,-1335,-1163,-2234,3141,272,407,-2877,-639,805,2611,-278,1299,1841,-82,-707,-1053,3213,1885,-1922,-1962,942,239,1105,-3807,-532,-390,2614,2290,1071,-508,-1188,-1501,701,-869,472,854,-2250,-2474,1068,-211,-3063,1875,-217,1794,-2762,1053,1111,-1211,-2186,208,888,1401,-1685,-865,-4682,367,-2605,-602,-2110,1307,-1073,-3990,-865,-3352,-837,2638,476,93,96,1629,2931,-786,437,2292,-509,-836,3899,-908,1654,-869,-49,-2445,-1211,-615,1192,-290,1792,-4742,-1393,-20,-488,-140,2058,-682,-1082,-1555,-1673,899,1917,211,683,-240,1944,-2063,-3550,2356,1181,-1145,-856,-467,1346,-1298,1177,1171,-1609,2598,1977,2731,-1248,-1467,-103,431,-321,722,692,-677,3026,3405,-52,-4273,-862,1734,1253,334,-3491,206,-650
139,-2120,921,-680,659,-2312,405,-391,-3065,1742,-1179,198,1931,-287,1096,2679,134,-400,-2191,-658,-1429,2704,-1145,-240,673,529,-587,584,-964,2391,-1899,-1963,163,326,1648,-3430,-129,3273,321,-270,271,752,2572,-309,-709,881,1417,-1957,-1410,-625,-1287,-1005,940,1913,2248,-1431,2179,-627,39,-232,-321,-1739,303,-368,989,-279,-1696,906,-639,-1571,1614,-1243,-431,907,-759,1731,-2290,-341,-1081,928,945,-238,-1041,-1201,544,146,2483,539,-2301,1851,400,581,-698,968,142,-1372,-1572,594,-1214,3381,-388,597,762,1273,2713,3175,-1597,618,-1672,66,1383,-86,-700,238,1198,1194,-160,-738,3385,2785,355,391,-1301,-668,-2297,239,-2112,3994,1030,66,964,-1625,-2091,-2119,-2268,-28,1570,-2593,-177,465
-189,2899,-280,29,227,-457,-1683,-2220,2469,268,2866,-698,-214,-6065,2779,1610,-1369,-727,1108,-4265,1466,-300,1703,18,-1354,1143,-48,400,1276,-2408,-1248,-2161,-670,3717,2450,-1905,3885,1719,-674,182,4073,1172,-3333,627,334,1315,-2119,1388,3822,85,794,1372,-1549,1338,-571,-271,-238,-1139,1232,-2909,-5054,-103,-657,-146,1794,415,605,-764,2250,2493,1586,3824,-636,-1035,-1277,-4185,456,-148,-1000,95,1926,2027,1094,-310,871,-835,1840,-2630,-1209,1267,-675,485,225,-536,-1778,-1158,-1160,-4024,2472,54,-2947,-339,-4134,-932,3391,-1265,1776,1123,1397,2031,-674,4987,-2917,-146,-884,-905,-2835,-640,-1495,-3086,285,1931,-2261,-718,545,850,1234,657,-3334,-1334,-3215,-917,2666,117,-797,-2301,-1580,573,-3282,-1034
-602,-169,1441,51,-1304,-467,1580,-1021,314,-55,-660,-267,2274,1062,376,-1104,-1773,-1837,-1454,-2948,617,-508,-3255,-74,-780,127,-1212,1893,-802,588,2179,3062,1690,-181,-1834,-427,-209,-910,2157,746,-2778,-1256,1878,-1485,-4105,-476,1011,-1917,-3008,-1003,808,-1028,197,-406,-1110,226,856,-1750,1574,-1441,1673,1423,-326,-2270,83,844,-802,-326,174,650,-703,-741,3408,585,963,1026,-140,-792,1385,-1271,-1590,148,414,1344,-42,-647,1085,-120,375,-332,-80,1078,-452,3119,-20,1381,-1767,-2744,-1064,-196,-1818,741,569,-468,-2691,1302,-2440,-1747,-471,201,-280,-345,1737,229,-2486,126,-264,975,-757,3136,-884,-1138,1273,-613,373,635,-1725,-1219,-364,947,743,50,-711,2287,-950,3093,2395,1278,1827,1051
-318,3291,-1725,1139,-172,3855,-979,383,232,1374,1894,24,-1315,1821,301,538,1761,2717,-552,51,178,365,-752,-1096,-1544,2150,1885,-2088,1888,-362,990,194,1465,420,-1212,841,1950,648,676,-666,-1403,736,-410,1480,-2648,-1332,-941,-1307,155,231,4674,584,2309,-3519,-1142,-591,-2109,2382,-286,318,-151,4751,1406,55,-1418,2139,2099,-491,-1250,1602,-735,909,-1052,-1484,-1646,-1050,40,-492,-749,574,-2900,655,2122,-1047,1206,1366,-840,627,-322,-4,194,-1538,912,-818,2667,2625,-176,-566,1765,-4031,-878,-1618,601,-2232,323,345,758,286,1293,-1514,2579,-2098,370,1648,1128,857,-2078,786,-1655,-2895,-1098,-1966,-448,1296,-1638,1131,434,-1972,142,2260,-784,-333,-529,764,460,77,-363,-717,-175,-161
2763,-2768,-147,170,1335,1389,2221,831,-1659,1167,-1801,-767,-251,563,-2225,-1367,-77,1251,-2025,3925,2033,-2348,242,2180,1601,-50,2705,-1659,2135,2605,1353,1244,-1799,-3690,159,722,-531,-891,-1473,564,-318,-1401,1652,-1718,37,1499,55,-2884,759,1216,-889,-2701,940,-1100,1631,4541,690,-795,-124,2724,1869,-599,1234,360,-2352,-461,-178,-2684,-788,-2953,-1779,-2301,1213,-156,370,1379,1140,-627,-2489,598,2137,-1667,-39,1688,-613,754,-1532,2181,1963,-1399,-1868,-915,-2792,-2763,-635,-687,3187,2186,-77,255,3084,-3877,2642,2178,-1203,-112,-2106,1461,1112,123,1800,-2431,-1268,-722,1547,-995,1165,2286,-1442,-1674,732,-509,-856,-1853,-1844,-1117,-1352,188,1059,287,-624,-500,-1383,-2385,-316,905,-402,-1620,1236,-1186
65,2003,-1570,763,-1259,516,-1154,33,1164,-441,1160,494,1575,2075,-721,923,1139,1809,41,-710,-691,1686,-131,-2290,435,2,1511,-752,-692,-2439,317,-2565,-233,324,-1110,-703,984,-18,555,-2985,-1779,1416,884,2917,-1370,414,2220,1871,-1561,-774,1094,-162,1571,0,-1895,-717,-1009,3651,762,-466,-1630,39,382,2309,-1645,-1157,3377,-11,-692,1335,-47,-906,-2766,-1520,781,399,-1640,-921,618,23,-1011,1075,-1921,-3592,1056,511,-1115,-988,-981,517,1,806,361,-1086,1642,1243,163,46,1242,1597,-148,-441,598,-2642,-1013,-743,1125,-3448,1156,569,-416,-434,1396,-934,1802,489,431,-577,-597,-1358,-2161,-159,2328,1066,-680,-521,1515,-2682,-994,2299,-769,-1243,963,2350,557,326,-1418,1509,26,-326
-1043,1411,-1771,-134,-735,-2575,-287,-640,-152,644,145,682,2487,1448,324,-956,-923,3,-2649,-1961,-3628,1732,-1246,2755,186,159,-3675,867,-239,-187,-956,279,882,2774,922,-874,981,2449,3700,-3102,-1323,3073,-308,-1184,-950,-777,-2397,701,-11,-1272,2799,1457,-1709,1072,-123,-4201,362,-1159,-605,-442,-106,479,-178,417,-386,-19,-3083,-741,2067,2092,844,795,568,-1035,-1254,-4386,983,-373,1836,216,-1839,2032,-1016,-886,676,1627,1781,999,-2002,-3865,515,-949,1939,549,-1080,2327,-2415,-3141,262,390,-74,238,-2406,-2871,378,-895,4660,-1622,1119,-290,-292,-975,2996,-1853,625,2302,800,-2620,-1134,-301,2408,298,1785,846,2136,2226,1064,98,1004,1115,675,-2251,-279,2476,970,2441,1702,-1907,-2126,1146
-1135,3115,-3090,815,-1237,-796,-1331,-278,1454,-5522,-724,1851,-850,168,2736,5948,-1788,1831,1609,-1658,-2806,409,-1850,-3961,-1780,-2072,1307,1566,688,508,433,2650,-5255,-2824,1386,-1275,2828,-810,912,400,2165,3651,1027,2175,331,-2981,1870,3275,-1318,2157,1933,85,-887,2136,1778,-3023,-3129,53,151,-4197,-1442,-2275,-1695,2055,123,-1172,877,2666,1126,2820,2585,2302,-3850,4511,161,4118,-316,-3525,-927,-108,-1011,923,1652,-2423,1543,-423,-327,241,1059,-623,1560,-3810,2020,3333,2459,943,-2226,-581,484,-2707,-929,2409,-3575,-710,-1717,198,3858,-4473,2319,266,-4735,-106,-759,1081,808,327,-1481,-2817,58,-982,469,-4052,-1526,3950,-775,1815,1448,-3386,-3054,462,-1086,-3112,-2363,808,802,-3681,-986,-1743,559,-949
-2351,373,793,1662,-2185,1830,-4439,2482,-260,-1379,777,866,-4231,1280,3696,685,3372,4555,1779,35,-2371,2963,2219,-4314,-1738,-1905,-2129,973,-1162,-30,-603,1371,1005,-855,-1051,-2872,-1777,918,152,1032,-1488,2555,-780,1263,1367,2887,-26,-2678,459,599,177,1417,2146,-784,1016,-613,352,2654,1043,2785,-2210,437,-4221,235,-549,-1565,1820,2903,-2649,-2485,3372,-3366,-839,1546,1842,3699,1513,1907,3338,-456,-484,-5559,1055,-1918,1884,-755,-808,-1309,-2879,124,1946,-968,3060,2640,3401,-4238,-533,560,-2484,-5001,-1728,4178,-547,2046,-1380,1900,-932,15,-1587,215,3057,-1444,3368,1166,-219,1222,1030,-1755,941,1838,-2137,-2020,92,456,-2441,434,1642,1633,221,575,-555,1282,470,-494,1678,-1831,2535,2129,2128,5776
-3496,2946,1283,266,2501,148,-711,975,-922,640,1167,1645,-3652,-3502,1932,-1486,1177,248,-1078,-450,529,4380,-1023,-1053,819,-1075,-1007,-2016,-4089,-3354,-3141,-239,6003,4642,-64,-44,229,1324,-2425,2673,290,-1523,-3641,-2689,-2764,2952,-2494,405,-81,-184,30,764,214,-3577,-159,1543,-296,1977,-1689,1199,-1204,1794,-1913,-3589,3855,-547,-654,-3110,-2812,4160,2504,3932,737,-1763,-1422,-2525,1528,761,1545,-42,-787,3312,3237,490,272,2249,1044,-4158,-2432,-942,1642,-1058,-216,2569,-2898,-779,214,-1745,488,-564,-11,-1451,3155,-2758,3862,-872,6,3563,-2924,-129,204,790,-1444,-2671,-394,864,-3625,4690,1576,-1514,-1502,1658,1047,-667,1041,1441,508,950,584,-2706,-2659,1089,1663,2650,-1495,303,-227,1558,-2863,-520
-1307,-1427,2075,-1322,2065,1622,-606,1171,1469,1134,134,-455,-1559,2453,-838,-1747,225,-353,-256,5427,-662,-910,-696,849,1391,-2189,382,2923,-1794,673,1375,-1349,2393,1751,-1634,2022,-3698,-103,-49,371,-2723,-1136,-3112,-3228,994,-757,-97,-1824,-33,110,-1696,1092,1371,-767,-912,-782,1808,1125,-2212,-986,767,1183,-727,-2025,912,1340,281,-889,-557,-1891,340,-1265,1241,1025,-837,-695,2941,3274,4434,52,-2035,-2445,1146,314,-1360,976,-1683,-1651,-181,844,1089,-836,-1249,2760,-2753,1594,2240,3039,-3867,-413,779,2239,3529,-3375,-489,-476,-4090,2591,-1623,-1463,2734,-2209,2314,1561,-428,644,-808,1458,2613,4286,17,2880,1917,1339,1173,-418,-22,-2907,3732,-1338,1831,3684,-65,1577,143,1497,2961,-1319,455,4366
-1744,1153,1846,-1037,432,-330,1441,-1393,-1131,1770,1729,343,1176,-750,546,-268,906,-1635,1229,-2006,-1069,1401,326,1594,-2105,783,1147,-815,-16,-67,-203,-470,4421,3452,335,106,1599,941,-751,-734,32,430,-3294,-1426,-2550,1045,-2182,590,633,-941,2595,1073,-2426,-593,-1485,-783,-943,-2953,31,66,737,3572,97,-513,-78,-150,828,610,561,1079,1386,3935,-1177,-642,-2213,-4423,618,2531,-1585,690,-761,-1200,3219,-1536,-1699,2802,797,-568,-1970,-129,-284,726,2867,234,-1765,-466,-1607,-1252,-4,-916,-1866,-511,-2463,-2270,3898,-215,121,1309,-1043,-2133,716,1311,-1037,-1809,-2208,4268,-2497,995,-1872,1199,2089,-1329,-3507,-2944,817,311,-1198,4494,346,-404,-1586,380,-753,1640,-621,-155,-410,665,1591,-654
-345,3712,318,-548,-758,2282,-418,678,2555,1200,1927,213,-1510,-590,689,-1679,-1062,-949,3392,-936,496,2413,619,-2627,-3633,2604,1224,-975,-120,1468,2464,475,2691,1167,-1294,1312,-1237,-2824,1119,2557,744,-2028,-382,651,-1712,-1755,2215,138,-3935,-675,2301,2066,1412,-4141,-2181,-464,-2165,1982,-159,-270,1499,4126,1852,-2615,535,1929,2720,712,-1420,-444,-572,1497,-1869,548,-1768,-91,1885,1036,736,-497,-4251,1822,3357,-170,-1166,2085,-195,-2503,120,508,1737,1942,1824,707,699,701,139,-144,-670,-1175,-134,1545,2366,-23,571,-566,-1919,-138,-738,-2510,1009,2022,359,284,-33,186,-3665,2248,-1776,776,-937,773,1324,1621,1945,2115,-2030,-2157,-598,3641,-134,1204,1986,-202,-2785,-381,1908,1793,207,519
-804,-417,512,362,808,152,-1151,-1087,1152,1003,11,115,508,421,1317,1681,2080,674,1946,-794,-993,-722,-844,-696,1804,-848,1914,-1169,-1025,-453,-1032,-812,-1974,1419,-38,1172,507,481,-2634,293,-261,-1393,-3473,347,458,-637,-1147,-783,1390,898,660,415,608,3104,-3070,-1285,385,-662,-1546,-136,1182,-2306,-3712,3164,-1354,-2068,3742,1516,458,315,144,3060,-852,-1821,1309,-1576,1218,1881,-929,112,2088,-284,882,-1939,2424,2021,-2141,-1560,-1497,3013,19,-532,-250,-596,91,-856,349,471,822,-344,-660,-223,627,714,600,-1644,-880,156,-546,90,-768,4242,611,1108,1139,-71,130,702,-77,-1167,-1264,-1180,-528,-583,-1233,-1480,-922,1430,-208,-2066,-835,780,-572,-795,719,-1766,-170,879,2248,208
-1862,-213,3991,-2052,2604,2218,1435,-794,1116,-2381,-1135,-641,1959,-724,-1321,2675,-567,-867,1922,-1573,4284,-2515,-4524,932,-872,-81,561,-664,-472,354,-430,1973,498,-1033,-874,1298,1097,-193,-1286,191,-800,-3182,-1440,-164,-1759,-1045,1771,-1096,-2238,-772,-678,-1638,-1113,1127,-1950,1589,-1887,-2895,1202,-2853,908,2301,-24,-2210,2420,-1755,724,-1544,970,798,-84,897,1712,467,1542,-2823,-2111,-473,-2589,-826,-2002,-1087,3386,4185,-603,-426,1805,32,-914,3148,792,427,-3424,1901,1319,1676,-237,-615,-839,1766,-1712,260,2092,-226,-2514,1496,-5212,997,-635,320,-1772,-1127,-1797,819,-2978,-4070,261,1532,874,-1673,190,998,-2712,-608,-1016,-2382,457,1052,-1634,-104,-2078,1959,-2780,660,1330,2506,-66,2405,1756,-3643
567,-295,-2865,609,-2758,-1744,-2444,-824,3078,-102,-1767,2493,583,1414,2694,-1849,1574,600,-119,59,845,1861,1334,1814,2394,893,-3812,-1,-1835,-2708,-1165,-2764,-808,1089,-812,-209,-2948,901,2363,-2107,83,2863,-812,2362,3620,1006,1137,-252,2955,2301,-2238,-642,1859,3151,-1740,-2662,-573,672,1457,1080,527,-6,-1061,3178,-1800,486,-1162,3409,475,2221,106,-1446,-1012,-1282,2862,283,1586,-1313,946,4643,-2936,1928,-2583,-623,895,78,-1136,-239,-275,-880,-1752,1250,1344,607,-3382,413,-321,1139,554,637,-324,-222,-1444,-1067,-759,1705,2278,-1735,-630,-3218,-1301,2949,-747,-116,2939,1036,2431,213,1738,-3448,-1010,925,3054,3319,2796,683,527,1660,-1779,-2351,1949,-1775,3270,-1199,-2430,101,-1327,3263,-415,-2338
1196,-35,800,1823,-596,350,-2216,-3662,211,5682,-1732,-1383,1218,1709,3138,-2054,964,1755,-3549,-2647,-562,1523,1609,301,-706,1416,-79,-263,731,-656,1522,-833,19,925,807,-2211,11,3305,2203,349,-2256,721,1700,127,-638,3787,-1840,-232,-243,1661,824,-2918,1203,-539,-1500,-2514,2158,1253,-14,1381,1275,-1202,-84,1585,1988,2082,982,1078,-407,-3004,3255,-1893,-2195,626,1666,-102,1309,-444,-1084,-1104,3728,-281,1772,-767,1024,1912,2081,-1885,-666,-2306,-954,2739,-338,-1662,-1875,-2380,-789,-2963,934,705,-1772,-2901,-2854,391,840,974,558,-1977,-236,555,2521,733,-827,1668,1470,890,409,-885,-2404,-1156,-1268,477,1170,-1996,-558,-711,-2843,1758,2750,-154,1201,-3583,224,579,-3650,3036,2114,708,189,338
467,786,-1395,3176,-1413,1899,-157,-4746,2228,2626,-330,-394,1426,2526,1993,-265,719,-2756,83,-2697,1392,-2987,-647,-785,-813,-1302,2308,-345,1561,-4143,2862,-1464,-3753,3144,-1727,3049,578,-688,-2095,-3028,-3979,822,-2275,971,-394,-3180,-4200,2226,869,-900,3071,-1781,889,-1764,-2913,1880,-1625,-222,2951,-11,1449,-1479,2317,1941,-285,2757,2825,-646,1729,2106,-1057,2767,-1170,-3013,2677,-910,497,583,-344,921,-1889,4664,1087,-566,1240,-780,-1117,-3867,522,2703,-3862,234,1819,-1772,97,-62,1533,-1849,4855,487,-2148,-1927,261,-1993,-1524,-1925,955,-2193,1602,311,-2772,2658,-2269,2824,-1007,150,-618,2395,-1353,-3161,-47,1487,1162,-1327,1027,-3441,-1252,-1493,819,-1551,3154,177,-448,2102,-867,1788,-507,515,1504,-1695
-2333,-1339,2578,1357,-196,1205,-2196,-1247,685,83,124,-250,-1687,-40,1636,152,221,678,1336,-2338,-656,-1066,-1088,-829,1161,-3419,-126,950,1855,-1755,-871,1085,-83,2797,-728,1106,1664,1460,-672,398,-1815,1439,-4835,2845,448,521,-3196,-459,2643,-758,220,818,-1733,-137,-451,-204,1183,-1729,3324,-1053,-404,-196,-2431,2391,2790,951,-1855,2342,451,63,428,1970,1626,-1158,1564,1919,-515,2972,1921,-185,282,-1904,-308,-610,-231,-24,-675,-633,581,3523,-280,-987,1179,4055,-1829,-3063,-1705,-875,1648,-1860,-954,724,-1059,1513,-1220,1716,313,1078,-2021,1383,1700,2820,-1848,3681,-1140,13,-1500,388,2093,716,547,2754,-494,649,-632,-1695,-378,3792,432,-3624,170,2219,2188,-1597,-628,517,517,2966,1076,2670
1346,212,-2749,1013,-3117,-3950,1995,-1337,252,-2571,-3204,3171,671,-310,2881,-3873,-675,-2300,-835,-2180,-206,606,143,561,-1908,-1369,-671,1078,411,-1751,1485,1811,-1401,722,-1618,397,-637,-4927,313,1286,1477,529,4306,462,-495,-1305,-724,1308,-227,4465,847,-1585,-713,-912,110,-548,-1034,1039,-2091,937,1344,-2131,6,-4059,-12,-777,396,1642,813,1586,-2044,26,184,-768,2528,1654,71,-4042,-523,-228,1178,2134,-487,-3345,-1013,-189,2385,-2286,2451,-3321,-2590,150,778,1023,1408,-1128,990,-329,2353,-60,2845,-2673,-2635,2038,-1438,-1332,1317,-3817,3601,670,-452,1440,-1064,-1702,-2698,2171,-1527,-2119,-2250,551,1865,-3181,2193,-653,1829,-2478,-1766,-2067,-497,-717,2914,-3417,-969,1185,-1154,-1778,-230,1855,901,-1380
-4776,695,2537,686,525,1743,112,3723,-4769,-3010,1287,3894,571,2296,-2921,3282,-761,1098,611,-594,-3684,3664,-2422,-4117,-3252,-216,-1781,-3074,1077,4057,-2624,1546,4426,-879,-1419,-579,2491,3237,-1103,1069,-3603,1706,-466,1117,-1670,3181,24,-41,-2051,-1158,4495,2202,-1687,-591,-517,-4205,290,-2032,1257,2549,878,268,-1653,1545,2142,-2593,-1234,1184,-2934,375,1202,-1246,-2370,-911,-3467,-597,-1753,1656,999,-698,-2210,-4509,101,-1012,-534,1312,502,-865,-141,1732,1601,-1167,2609,-169,2086,228,-2141,-1841,-842,-1076,-1109,2940,1092,-332,1095,2425,573,-2063,-444,-609,-1302,-1911,3639,-1746,2079,468,-813,-2299,531,1754,810,2393,-30,1557,-2408,-622,1573,3781,-1077,4447,-2186,799,-2013,1124,3066,1975,1949,468,1316,1179
1585,2342,-1933,1557,188,1614,-637,1150,-1708,4002,2413,-1721,-3128,-486,-1744,-467,-1203,1000,-1655,3896,-2630,1522,2921,627,151,403,2633,-2050,-651,905,567,-646,2031,908,708,-395,2471,850,2,1490,1280,-198,852,2092,349,771,-861,1477,-309,-1884,1303,-137,2508,-5379,-644,597,-1427,4095,94,673,-165,736,451,-1186,-390,2286,182,314,-2454,-819,-534,722,-341,-908,-4839,1237,-249,213,933,-1669,1260,888,1411,-3019,1352,993,-334,1146,1137,-3835,974,-50,2354,-4698,318,858,561,1947,1553,-458,992,-1027,2438,-2049,3685,-2518,2392,3971,274,-1941,1827,685,-201,-354,2470,-916,-1990,1572,-2425,65,-1307,465,257,-319,-40,2852,-621,-1763,277,2946,-28,-2284,2065,1019,-687,-828,-1087,-2729,-1678,1731
7,232,1941,-1132,-1046,-763,2687,1125,-1683,55,1362,494,3368,-86,-4074,-1499,-1541,685,401,-1492,-245,3629,-956,-220,-1908,-494,2982,-95,-424,4117,-3115,-389,5116,-2794,1004,-686,1327,-332,408,-797,-2039,-731,1139,-789,-3336,1954,3576,798,-1716,-2744,1824,-719,-153,-392,-2151,-1187,-601,846,3123,-242,-1297,3396,228,235,-229,-3588,-217,-2366,-702,233,475,454,-459,-563,-1081,-1646,-2227,599,1466,-1153,-1711,-1707,-347,-777,-2502,-178,934,-44,470,-847,1851,1192,-170,-1024,802,2368,-456,-2395,997,1723,2972,-2682,78,-948,-1311,370,-1172,152,1091,-3254,20,-577,1590,-4247,1746,865,1244,1822,-2955,1712,121,2022,-872,273,-1217,2293,-783,2380,-769,2569,-1414,414,227,-1310,1210,1890,1141,1669,-649,210
-926,1837,128,739,-364,-533,2113,1950,-1695,-2860,590,6006,1117,-2723,1643,231,-2036,314,-1888,-912,-1502,1911,860,456,-3372,708,1176,-3141,-553,-932,-423,2214,3614,-2120,1518,-2991,3496,683,-2259,1287,2151,999,2279,-731,-8,3005,-464,2282,74,-795,2080,3113,-1957,323,-1226,-590,-816,-795,1038,1618,-2550,-2288,462,-1877,-242,-4689,128,1592,-884,108,-1702,1371,-1428,-1506,-2965,-2461,-1550,-3344,-1627,-1215,1634,-937,879,-2789,-292,1767,2081,-2847,-143,-4252,468,-1257,-55,-2606,-572,-1786,-695,471,581,1585,2002,-2426,374,-1272,2436,-83,323,-2438,3631,713,-2957,-200,-69,-5151,-419,-212,-1208,556,-1002,-16,1429,-1025,-110,471,-816,-278,-1473,2942,-2377,1704,-1018,-1413,1065,-912,1396,-1239,1557,2269,222,40
1688,745,-3509,-57,-3073,-4076,1344,-2315,1079,-1670,-1524,3013,1349,-810,3635,-2175,1302,-1234,1211,-2769,366,-191,904,1351,-1918,-1004,304,1016,-599,-2887,661,-862,-319,923,418,-1251,749,-2060,582,-898,2047,1311,1949,409,-181,-1551,-873,2337,646,2334,-34,532,-863,1215,-539,-1105,-1532,-616,1207,-621,-127,-285,675,57,-3310,-853,188,1830,2478,1926,-1227,2693,-1718,126,991,1534,32,-3541,-549,1641,-1250,2843,-994,-2845,-1938,-1311,2209,-1451,417,-3552,-1794,-944,2857,10,-907,-1743,-14,-1340,1999,-572,1945,-2291,-5210,-445,-687,-2136,2886,-5363,3214,-1185,-2144,1572,-1148,-1598,-973,4944,-1099,-2514,-377,-952,2119,-4180,-420,-264,1493,-1601,-1551,1149,54,-644,2204,-1329,-1292,-145,-2156,-2738,-1064,1290,675,-1270
2026,1420,-3149,2328,-2340,1447,-2672,-1485,3725,476,-513,-98,-3017,-976,4725,557,-1207,-41,1958,179,956,-2499,2311,336,-1381,592,432,1416,202,-1962,2993,-816,-3736,-88,122,923,-568,-1414,1661,-914,345,1350,549,1316,2839,-1991,-1331,272,306,-585,16,624,1834,158,-963,391,-245,2075,963,-663,-1029,-740,1108,564,-1460,2869,1428,1554,935,-2024,-1101,-1184,-1594,1072,2519,949,2621,-1970,1938,-1189,-1746,562,-100,355,507,-3710,-619,-2926,108,-1148,-1980,3,1750,-761,395,-1232,581,385,289,-1210,-152,115,-1422,-408,-542,-705,190,16,2277,956,1044,1361,-2959,3244,701,-70,-1349,426,-1041,-2379,767,-2029,-347,266,-1505,-404,13,-3288,-1119,-63,1290,913,2502,-1,-1165,-3156,497,1062,-169,1231
335,-166,-194,-1070,1168,-794,752,349,-768,-2556,-1096,1542,-2835,-2602,1132,-1051,2479,-332,1129,727,5168,-932,992,-1427,-1866,-1228,-123,-479,-780,-2557,-1813,-1603,879,181,877,-1418,-1024,-2061,-1594,2161,1617,-1020,559,-2289,891,1178,2063,1448,627,3674,-3715,-1143,-451,-396,1314,2355,-1007,-1099,-3094,833,-1211,979,2034,-1994,2153,440,-683,-967,-1053,1498,739,-460,-1682,586,802,1183,724,-999,-1326,1202,1369,1225,666,1618,-3150,-1866,1574,-3144,1648,-516,-727,-499,1194,1270,-1049,-2391,2500,48,-724,-1115,578,-1993,-1546,766,2178,-2117,-139,-592,-2043,212,-2004,-1322,-3386,1104,-2882,2202,-1967,322,2078,-1029,375,-1866,-392,155,664,-1466,1029,-389,33,-969,833,674,-1817,-531,-1481,-3695,-2208,658,-1522,-3452
521,3047,-1077,-139,-1459,1186,-1148,398,1004,-1974,3681,-126,-337,-3451,604,1524,1764,2030,2767,-2496,2053,558,2314,-3064,-3772,1359,600,-2558,591,-529,-1589,-63,-706,497,1673,-1066,1241,-1579,-1573,1002,2097,822,-1542,1536,88,-931,1231,1923,765,900,1641,971,-859,-939,822,-268,-3975,1120,1169,-164,-2923,-196,1528,599,-128,-592,1461,-775,-374,2405,638,2017,-3491,-899,-939,434,-274,58,-2505,-2296,2413,382,-14,-762,-10,-1747,562,-526,-592,667,112,-1092,956,-720,4107,-1560,-177,-2689,3090,-1351,-477,-608,-2470,913,907,-1466,1259,-1797,1088,614,-907,1294,-452,-980,-1854,-934,-63,191,-2933,-2319,247,-1367,-2537,-976,-885,2470,2352,-56,-2061,2248,1037,-1407,1914,85,192,-3054,-978,1948,-1511,-977
2073,-481,2748,-2597,3677,2289,-1106,-1689,581,4640,451,-3244,2062,-2126,105,1405,1201,1718,-307,-1456,2982,-1110,-527,496,720,4526,1731,-2114,423,80,2604,-962,31,50,3635,-1651,41,3912,-674,-1251,3887,-3211,1542,-813,-1483,1829,2143,-4323,-1597,-555,-605,-2087,-123,1942,461,-36,1407,-1562,108,-2155,-155,533,3478,-176,2237,361,2623,-1498,-735,-4093,557,-462,-2274,999,-668,-1907,-1010,-266,-2472,-1822,3003,1842,148,961,726,1342,2783,200,-1686,1263,1596,832,-6150,-2688,-917,-939,934,1602,-1941,5652,-738,-859,557,1592,1889,2065,-2150,-977,-556,341,4681,-1441,-1226,1083,3771,-3494,-155,-2511,288,-868,-1956,2726,-1571,-1074,-3171,-830,-3687,799,-158,-280,-1897,1038,-809,-3685,-4276,1312,3385,-1626,-1597,-295
528,150,741,-623,-1361,-227,1486,-940,537,-1873,-1788,1041,-300,-892,4216,264,-809,251,587,-469,502,134,788,192,-2891,1140,-900,1385,1122,1279,2291,1903,-939,-1694,455,-236,-1455,-1596,129,-1393,2930,-106,2932,-115,261,-23,509,-1795,-1700,1159,-645,117,-1373,-150,2163,462,-2801,-1896,-403,1045,-437,466,475,-2568,-305,-2551,1314,966,360,-2134,2676,202,-1337,3991,1037,741,173,-1933,-1972,-1154,-197,-1745,3503,-495,-2450,270,2294,-1136,-4,-826,-1559,-327,-462,539,379,-1931,-1849,-206,-759,-518,-372,1357,-1670,1434,619,3416,-2592,-1700,608,-227,1819,-3020,-1670,111,-3019,-20,-406,-560,-595,1454,1026,-3266,-4213,-623,-728,-1995,-1956,1724,1519,830,1055,-1192,-3228,-1103,-1311,-190,1594,547,1896,119
-88,-1019,-1485,2378,657,-262,-229,-2039,-844,2064,-2769,-290,-976,3636,196,76,1444,1897,-2725,2641,-1306,1261,-1017,880,2451,-2845,3305,343,-9,-2866,337,-644,1296,-1313,-391,-774,2049,1447,-293,1,-6071,2037,-2001,-1703,291,1467,-2449,-190,2662,1709,77,-2211,903,-2046,-1375,-1111,2004,-430,535,-273,1586,-44,414,3787,-852,2270,-3257,894,-1027,-253,2737,714,756,1453,1291,558,3181,1817,2641,4750,1563,-205,383,-3314,-728,341,-5088,464,1018,-1482,-2003,564,1376,1841,-4468,177,1549,-871,-2367,-2303,3402,-3272,-3205,-241,789,-2809,3174,-140,1561,643,-228,-2309,-2111,1305,1657,5140,-1461,1586,759,-297,-1803,-2514,740,-443,1359,-865,1007,-646,2498,-2077,160,679,555,-651,161,1564,-401,-1076,208,-525
-2555,1703,1676,1482,2823,2469,-912,-1327,-3401,3371,1463,-332,-1489,1428,-1166,1802,2575,39,510,-1674,-649,382,47,-2306,-1088,-899,2339,-2744,24,-2824,-621,-1523,2008,4556,313,255,3914,3222,-2989,1210,-492,-1316,-1455,2043,-2936,1646,-2730,3593,-374,526,2158,1108,-611,-2395,-1936,246,-793,-663,445,-154,1846,-97,1746,2614,2232,1673,1143,-164,-1870,800,-224,2009,-1999,-2820,-1512,-1058,-2465,943,-2482,254,2502,-155,3505,-609,1202,1905,2031,-514,-726,155,1535,113,2297,-2972,316,-1834,-666,-1448,1530,-1700,-1108,-1362,1486,-1432,3672,-1396,2421,-398,-2233,-83,-1140,-533,-1061,710,2024,1519,-3655,1297,461,300,-1635,-356,-1994,-2552,-1177,-1548,-1270,2680,2072,-665,-887,-709,-1147,2226,-1307,147,342,-2,1746,-159
-131,2602,-2363,103,558,154,-238,-731,2294,1556,182,165,325,1666,-117,-128,-1273,-1991,-68,1940,-1645,1733,301,1406,803,749,1608,954,-594,-873,3967,-1735,-126,1776,-1518,1692,840,385,1147,-615,-739,1767,-1920,-992,-732,-2079,-1300,3059,1516,1923,2338,452,702,-3085,-2848,-1791,743,1591,-329,-1878,270,1284,492,-233,-1176,2415,1413,793,896,119,-886,2119,-1801,-370,-1095,-3260,1161,-1810,163,2355,-3329,2329,3263,-1002,-61,1968,-1369,-35,-564,-761,-125,918,492,-430,-2728,3335,-325,1396,-527,-890,537,-68,-1308,-3728,2441,-2051,-1054,604,2336,-1427,-470,831,203,-1361,885,1306,-2588,550,-1949,-496,-86,-671,1889,-672,3960,486,395,-3931,-1225,146,-1008,-1568,690,2113,-366,-567,373,-2201,-1189,-693
329,-2250,80,933,874,837,157,-662,-331,484,-3345,0,-1530,2036,804,-468,-579,-1890,-814,2375,1307,-1046,232,225,230,-458,219,1682,1280,634,1313,-837,-1705,-1048,-1175,1124,-1861,486,422,-177,-2234,240,529,-1193,1592,-701,-163,-309,107,2091,-1264,-2681,2076,-1430,461,509,619,60,-2069,2501,2376,-1261,589,349,1652,2127,-950,-197,-1395,-2135,1104,-2988,-911,1896,3294,1071,1411,-666,280,1078,-418,-820,1351,2028,-1929,-769,85,-1984,1947,1249,-1672,-387,-418,914,-1686,902,2073,1387,-1744,-27,683,-164,965,70,-65,691,-1719,-80,-694,-499,-237,-2537,-1676,2952,-196,434,275,1740,1775,476,-667,843,782,-530,420,-2430,-1229,-2239,381,-2481,1604,910,-3553,-864,216,639,-580,-663,-136,-800
454,873,-3721,3103,-563,-510,-2362,544,3067,-600,-1097,2434,-1472,-605,4720,-738,-1186,924,-2613,-98,-1393,398,1672,637,804,-3255,-256,1267,-749,-3377,2652,3845,-2398,1876,1129,-1452,-446,-1628,248,-188,170,3503,964,-2532,2648,2451,-1389,4463,2116,996,-1457,2805,760,-258,-1286,-309,1437,478,749,423,-3854,-4447,-1855,2524,-1237,130,-1696,2027,801,-573,-2995,-583,1886,492,2227,-2118,2670,-2982,1757,502,187,2475,954,-705,2245,568,-412,-306,-1881,-1802,-19,-1148,166,-5,-1856,-1784,-270,2034,-304,-2264,1080,1124,-475,-82,-347,-2500,1884,1192,1830,3595,-2489,4560,62,1263,1267,36,-409,1495,118,-1331,893,1845,3497,1288,3481,2057,1093,-1948,-2880,-3177,20,-856,3609,-626,1059,-3454,3148,-655,-1473,2084
-668,1034,-1696,1467,-1704,2572,-2112,2444,-1296,276,1499,632,-1975,3240,-1921,947,2251,1121,2110,1827,-760,1898,1924,-4542,-2461,1724,-573,-678,-2003,2018,140,308,1373,-845,-1973,883,-1994,-271,1543,1763,-2927,-123,58,-128,-729,669,2120,866,118,1744,1279,404,2718,-2415,-2470,-1420,-3492,1773,-258,1789,2219,1215,321,3856,-460,2020,856,831,-3536,1095,177,-1875,-1256,-590,-483,3548,2372,1467,2143,301,-1536,-1233,-1263,1324,819,-1904,-3043,1932,1551,190,841,313,3710,-407,1785,1050,380,-585,-154,-3911,-1542,3348,1313,-255,-735,710,-168,-1175,-2650,-3381,-722,-244,3813,932,2787,509,1079,290,1128,1165,-2332,-728,493,89,-369,2896,1198,-1960,431,2052,1225,111,-350,1994,776,-584,102,-877,1543,951
305,-3253,1525,15,2404,3292,-2945,504,-2232,3713,-2084,-907,-1662,2119,-259,1195,4451,311,1926,926,2269,-1664,396,364,642,1468,955,-1098,-2241,-635,1249,64,-884,1034,-1035,-265,-794,2190,-1677,768,-101,-3004,242,-640,1690,284,-992,-3984,-412,1438,-2936,-1131,2579,-288,-2694,1518,922,515,-490,2541,5401,-348,463,2145,315,2334,1338,2924,-2217,-4226,-2166,-1622,-1653,-1647,1646,3108,568,927,-505,-1139,817,-1726,-591,2682,2799,-408,992,1259,-171,2461,2567,-284,332,-2455,1393,-599,2554,3566,-3675,2026,-1933,2765,799,2148,299,569,-2726,587,-3963,-1946,3290,-791,194,4160,4017,-1533,325,112,3357,462,-2526,289,-1766,-1547,-4124,-4361,-3056,831,1042,-658,401,3425,-3043,-2609,-1787,-1224,1696,-431,4178,290
1734,791,-2397,1114,-1346,1994,-1840,-505,-575,879,684,-948,-1000,-1140,-47,883,2208,1621,-609,503,828,-57,2767,1281,-1969,986,1842,-1670,165,-1474,-429,1040,-1249,542,755,-1963,-118,-1071,-738,830,2111,1328,1485,-68,-618,-990,-143,-51,4523,1903,470,-1649,2306,-2664,1425,3226,-3653,2014,2136,854,-511,1143,1474,1203,428,3195,184,-1389,-594,2015,-1832,-852,-1491,-2162,-985,2489,560,1324,-1448,-612,-145,-52,-1276,-666,2889,-1719,-132,3440,-271,-1848,393,-1425,-95,241,1769,-330,-347,247,4277,106,-1921,1375,-1350,-568,-1090,399,822,1995,856,-566,966,-527,-205,-861,-574,115,2689,1807,-2302,-3668,-1752,95,-2110,448,709,2524,1523,-1121,-2439,-488,1039,-2451,1014,-389,-167,-982,-1102,-549,-49,414
588,719,1014,-964,-642,1053,2516,194,2033,-2648,1771,-899,-861,-58,449,-1964,-200,1910,-2131,967,3437,-3485,-2875,-1439,2383,161,45,316,3046,651,558,1146,650,-4145,920,1008,-1333,-3383,-665,-40,-812,-1616,1933,415,-584,-1419,773,-3092,601,869,-33,659,-1394,-249,3262,2488,532,560,-3207,-2248,-1588,1107,-216,-2581,-1473,-405,1946,-2091,1628,2586,2124,480,2281,786,429,1297,-348,-1020,-3132,364,1325,-517,1874,1096,-1107,763,-1314,-1603,2347,-44,-2958,-2287,-1978,1572,66,-718,892,-2423,970,-4023,624,-3016,1207,-713,-1745,800,-2356,562,852,297,163,-3105,-1579,1450,-4724,-352,184,1463,13,-1865,-935,-1475,-822,1164,-1943,-1365,-792,-1924,2083,192,-302,-116,-1525,1982,1183,1346,-2783,1854,-718,22
-336,-117,2627,-1809,1424,352,2006,-2642,128,-76,-2326,-443,1963,617,-442,-1235,318,-483,749,-1257,2734,-663,-1546,1552,-2200,838,-47,-294,1243,-1550,124,790,2474,687,606,1836,-1141,400,-1306,-2499,-1278,-1127,108,-1591,-940,965,-10,-1856,-1903,1159,481,-2882,-918,-879,-315,146,-1325,-1802,-129,-856,1560,2635,796,-817,2988,-1048,1489,-1869,-519,320,2018,5,-2905,1365,2420,-2535,-160,-1592,-3435,448,-117,19,1343,2290,-4464,1833,2615,-3216,191,-393,405,404,-788,-994,-828,-769,1721,-1379,-60,2104,1614,-2250,-1877,-130,-135,540,129,-549,984,-598,541,-3656,-1873,263,-2015,326,-43,113,-55,-359,262,420,-2553,-1180,591,-3706,-2906,1371,1202,-654,128,-610,-4108,1784,-1467,2947,566,2657,-1285,-3305
-2211,-537,-666,3346,1127,1039,-139,-456,-1328,32,-1318,2373,-553,234,2022,1079,-852,-1351,-2125,-1345,-1105,2134,-7,-536,-359,-3038,697,1061,1382,-1454,118,3316,-908,4457,-1728,3630,1446,573,-2486,-1246,-426,1811,-1710,-3395,-1033,1744,-3649,2682,1916,1004,1460,671,-583,-1175,-1406,-395,299,-802,1985,1248,689,-2385,397,2323,1673,-1746,-3424,-1267,17,1923,-634,2806,3169,-1023,1338,-2712,1672,-115,1530,987,-1739,904,2106,222,1341,1423,376,414,-1567,3596,-2163,-613,-33,-884,-993,48,-1779,361,2145,-2729,137,1353,-738,1277,1783,1066,1143,3120,-509,637,-1561,2072,-2013,645,589,-1431,-1678,3924,724,-43,1302,3932,-1666,-2716,548,-1084,356,2124,1114,-4783,-842,-515,231,731,336,-1100,2061,-1723,560,-873
-1349,2911,-2466,4036,-843,608,-3060,-2525,1089,1530,-2982,2801,-4177,2637,5604,1790,621,540,-549,1677,-2386,2162,956,-1689,-109,-2186,47,9,-3675,-4746,599,-2077,-1227,1163,789,-136,-1759,-1097,-1114,159,-65,371,1362,3393,1325,46,-1413,3443,-1755,2024,-1015,80,3005,-364,-2095,-1416,-2439,2503,1313,-20,1713,-3016,-1334,1742,966,2381,2600,5159,-1506,2149,2946,34,-538,133,967,1226,-155,-3366,1070,1251,-1330,1120,3633,-2721,2581,-1612,-1526,-4196,-1284,-2524,-1304,283,3498,-380,-2478,-1949,-47,1050,1279,-351,237,-898,965,-2075,2402,-1413,765,575,-1177,-2137,-3738,2367,-2310,186,940,1055,-635,2556,2779,-1587,-2267,-1886,1811,1340,1724,-328,-796,-226,2361,-1949,1274,-2019,982,3525,-2466,-94,-22,1357,1486,-922
-124,1188,-303,-794,-1978,-1796,3674,1191,-1917,-3839,1793,1456,2616,-395,-3540,-39,-954,-838,260,-767,688,560,-1819,-924,-1332,-630,922,-1237,-1488,1611,-2174,574,3119,-3156,1424,-1399,888,-2157,-1900,-517,-327,115,3382,552,-1453,-586,1117,2040,-851,-993,2066,93,-3582,443,1186,515,-2811,-143,263,-742,-450,604,294,-1760,430,-2814,-271,-1838,-1426,3546,161,1357,-110,-277,-654,-167,-4004,-474,-1086,-441,745,-322,-1481,-1644,-2702,-1922,344,5,1913,-1341,-46,513,492,-1693,3192,1198,-25,-2403,1693,228,1824,-479,-435,-1734,-819,-1919,1609,-3791,1565,-544,-2671,-921,214,-4515,-1758,863,615,437,-2432,-451,234,-1384,-1237,839,-175,1120,1519,343,-2750,2398,1783,67,-1050,2165,2521,1281,-2886,1181,314,-1308
-988,2368,-450,-205,1061,47,875,-615,1367,-2458,730,921,568,-623,1566,2162,538,1886,-67,-2314,2324,-1461,-3980,-1241,-83,-1072,733,-1758,915,-1623,-1092,-90,549,-783,1215,-1499,3477,-1052,-1370,324,-876,-1813,1402,650,-61,744,974,475,-3080,-1536,998,2041,-693,1389,-786,-1376,77,-2280,-232,-2178,-1616,1024,559,-1027,-3023,-814,604,-783,1618,1113,-770,2305,-414,-161,-747,-2356,-981,-1899,-2579,488,696,2209,2722,-1425,1478,1211,1673,-2980,-2016,503,-340,-1588,644,42,1952,115,-573,-1512,-466,-1953,1330,-2714,-232,-1094,-253,-2387,753,-1895,3212,3477,-3461,113,-2268,1405,-212,1188,-2457,-683,1415,-2906,388,-1949,-249,1739,245,-1365,1912,-200,-1772,2067,-1826,72,-760,633,59,-519,-1005,1843,-93,-2489
-1627,-446,2657,-2146,1581,192,1003,2538,-316,-1750,4057,1324,608,-1708,-16,-116,2216,-613,179,-1183,2031,-1108,-410,-1752,460,-111,-169,-1040,-1218,273,-1903,542,2777,-693,2487,-929,-824,-356,-2648,59,1190,-1280,-2285,-1801,1296,-365,1566,374,543,-1517,-488,4224,-2277,2500,341,647,1021,-1819,-2809,194,-1291,-1994,336,511,-707,-2392,-28,937,545,677,100,3163,1383,-1120,-1329,-2315,-1565,918,-2143,-745,1683,-1406,1214,1135,-1036,1696,1589,-2092,-1749,1109,934,-3107,123,-887,1307,-66,1115,610,-2638,-1174,469,487,349,94,3085,-1590,-2103,58,-1401,-1325,-1877,1229,1437,-1756,-3660,-156,-354,878,1324,2267,1352,1492,-1167,-127,-729,449,-1061,2352,164,-1080,560,2445,460,-410,2100,-3173,690,1456,-384,866
-552,1175,-1439,2456,364,1586,726,154,-2420,-1138,-306,1954,-1007,276,-1281,718,-155,970,-1594,633,1870,186,-1628,-988,-1580,-2666,2447,-1377,994,-1498,-493,-41,2210,1503,-179,-1964,5862,834,-2525,-98,-3004,929,2271,886,-1112,2712,-2613,1554,1617,1126,767,-763,-132,-3607,-1687,-407,-1730,1086,1870,-950,-739,-335,-378,314,1139,291,-1254,-1219,-2883,3172,-56,-20,-1000,-2841,-723,210,-1830,-2453,486,431,1579,562,827,-2076,-340,-1786,1004,-1073,2299,-1917,-1190,-1798,1450,-2153,466,305,2023,-3393,2665,-995,1696,-3056,-686,-3045,-42,-2640,2975,-727,1296,1291,-1466,-1709,-1332,1290,2798,-306,-3086,1771,869,-2318,-1061,800,-917,-747,-2359,-3161,1654,-2249,-2687,1327,-1009,-858,-2760,764,1797,40,-1300,1907,-531,-1170
-727,1021,1250,-132,-878,981,586,892,-724,-968,685,1603,-1699,-448,913,-1910,-464,-502,-137,-483,386,-213,-637,-1874,-2344,938,-2105,-1495,2294,12,873,2511,4061,155,-197,-333,-777,-1710,129,2010,281,-1071,1712,984,-83,-382,219,-2592,-2611,490,537,1103,286,-3463,1286,217,-68,-422,-416,531,1854,1824,-17,-2364,1227,2856,1041,2478,-892,733,-172,-1634,-1550,-453,-2149,1712,-344,1295,-485,-1727,-1553,-551,-457,-284,-395,1665,529,-1694,1945,165,-196,-888,3158,390,-7,-2936,-1385,24,19,-144,-1816,1327,-390,-301,889,863,-1720,-873,-838,-1836,690,179,-243,1175,-4136,1708,-718,-805,536,183,-273,574,2240,1214,967,-1656,-1496,195,642,1881,87,-1272,-923,1846,-599,27,-1215,2207,-789,-63
-83,877,-621,1990,-2055,832,658,1439,871,-2886,18,3529,-2172,-2950,2289,-380,-2269,539,1323,811,999,641,577,-1880,-3058,-2740,1387,-24,-160,1791,893,2637,1321,-922,-1020,1045,1304,-2101,-783,2529,442,-30,232,-1493,-496,1948,76,1635,957,1622,482,1052,-253,-759,-2077,856,-1752,-422,3332,-1669,-2114,-217,-2372,-2082,1568,-2484,243,303,-730,1315,-348,461,955,-4,468,924,1165,-905,2644,-284,-1878,-74,1338,-1152,-518,-607,-947,-1718,410,23,-2632,763,9,125,-1031,-2423,-985,250,3550,-2539,891,135,436,780,-833,374,-3349,1307,866,337,-328,3896,-2072,-732,-1518,-1799,-1485,1766,-800,-265,1125,303,-52,-788,-899,1003,77,1333,-2290,29,-2301,-195,1573,-654,1458,-2932,297,2108,838,1765
2509,-1572,1485,-2427,-331,-2991,3203,-678,-1445,2226,1566,-4530,3521,-1955,-3554,-1654,154,192,-698,-1588,-1,481,1562,1833,283,2875,699,394,267,3223,-1909,-587,1026,-2534,1447,-1428,842,-1919,1660,290,-553,-1266,160,-2690,-2915,1593,1507,-1099,-101,-2620,-453,713,-1206,1562,1395,1980,294,-603,-589,-58,-1936,1504,419,-694,-1547,-2468,-1724,-3170,1686,-1384,1402,1476,4010,114,-902,-1463,-213,1874,-2247,-560,5025,286,-638,77,-1506,511,-1033,4826,1114,-485,-137,3402,-2569,767,143,499,-629,-2807,-418,1411,438,-1629,-963,3695,64,-470,663,1384,245,927,846,-189,2049,-2538,-779,1230,2451,-946,-3318,1338,1049,-1704,-2341,-2595,251,3188,-374,2416,3428,1482,-1277,133,2010,-526,-67,2931,-1857,-2265,-820,-1314
2792,-1074,842,-1161,-1958,-1359,3139,-1817,1196,1757,194,56,2946,-589,-111,-3620,-1469,-3371,-2619,1482,1847,-1683,1199,1543,-2963,3836,-1458,-773,591,873,-185,-1973,2148,-2257,284,-419,-3789,-1617,829,-175,-1757,-1291,132,-781,1736,-2580,2574,-3242,1614,-2831,-1379,-1702,1634,26,-122,251,-1654,-1818,-1351,138,6,1570,3974,-3773,701,2092,114,-127,1176,317,-510,-430,983,493,-1728,-1890,210,2823,-1887,215,130,-11,-1590,-1110,-3556,557,-1160,-4023,3137,-2024,-3454,2963,-294,-190,-2736,834,2652,-1044,226,3758,-523,-1190,637,-570,-27,-207,-1064,1420,1799,-946,-1338,-223,-236,-1419,-4470,-177,2672,-997,-1087,1271,452,2391,2504,933,2386,-264,-2563,-1444,803,3289,5519,-581,2624,-230,901,1708,267,1488,-2187,-1337
2017,786,710,272,-2324,-1153,1209,1013,1281,421,3214,608,1167,-4338,1526,-3031,-1928,1006,-3198,-2499,1726,-47,976,503,-3,667,-366,-581,-93,-277,-947,1827,3267,-1974,2943,-4366,1002,-1500,289,1665,1540,-832,3012,125,437,1941,1492,-1186,-22,-3671,-1958,3215,160,1142,273,2177,2083,438,2317,-854,-5240,-926,-318,-3361,-1828,-1236,-465,940,-218,-85,-2144,445,3892,-1619,-1939,-1112,-1961,-790,-888,-1890,2366,1087,-1054,-1610,1397,499,1683,-872,-1152,-1868,-9,1825,-1459,-1545,203,-3319,-977,-926,1557,886,325,-2375,737,1676,96,-147,-1255,2488,1027,1567,325,4001,-811,-1688,-2409,-1655,389,829,-2040,-362,-654,901,1339,-249,-460,3061,-1707,1487,-1591,1845,-1491,-799,4969,-986,684,-980,229,3220,-2315,1982
483,-703,1613,267,-1191,-1147,1354,-536,2084,1023,2683,-111,2610,-963,2003,-841,-2258,-1220,-4395,-1059,614,778,1035,-466,1558,-64,787,2389,1214,505,-147,-2838,427,-1415,-99,-3024,989,2642,1887,-1995,-1078,2403,-1012,1239,799,1649,2320,55,2032,-3774,-643,308,330,2409,99,2017,2476,-595,-1210,-1714,-5568,-944,1329,-1371,-625,-2644,-791,7,2208,-1975,1705,1082,3849,1269,-59,-1617,-785,1230,362,3557,213,-1825,1422,-2743,-492,2398,-225,-1951,-2243,1384,-2899,3318,-1394,505,-1982,-419,-919,-1372,-1956,-1623,-542,-2020,1297,-123,1979,1778,-2125,965,172,803,-213,1218,-1716,-1140,-3047,-599,-1595,741,-860,2678,894,3185,924,471,-39,1984,-1460,2230,-159,401,541,-1183,3299,-613,2855,273,851,491,-544,1469
-378,791,-456,993,1103,-274,-1282,-2197,-781,965,-1689,155,-192,2317,1174,2308,-349,-160,-3290,-499,-1085,209,-462,-865,623,-432,130,1595,-44,-3283,-795,-1454,-2802,-305,1771,-349,-409,987,264,-2161,935,1626,1221,2645,1864,-1187,755,1605,-1711,553,-722,-2163,904,1324,690,-804,-69,1202,-923,-2636,1242,-1629,3145,1145,2667,2657,-280,2052,1071,1243,2025,-521,-1575,1807,479,1652,-2765,-2720,-1729,573,1460,-565,-520,-557,448,633,1139,-1849,850,-1180,728,-1079,1270,-397,-101,1043,172,1340,-479,1739,-246,-1241,-2304,-1211,1925,648,2841,-752,84,-351,-1483,-1514,-2820,210,-329,-427,-1206,-869,1251,1092,-26,-545,-92,1701,-308,-1262,-701,-1021,2092,-218,1456,-3850,432,3009,-1268,-173,-288,-1549,-923,-2466
1076,-188,114,-1753,-485,76,1065,221,3042,-1933,-1001,868,1438,-848,1084,13,-1116,292,770,117,2140,-633,-1373,2195,178,560,679,437,569,1344,1157,2409,-1518,-2628,1798,-962,-1558,-2664,356,515,853,365,912,-1412,1407,-2767,2121,-1026,194,276,-2061,1118,439,1285,512,424,218,-1024,866,-983,-938,816,-54,-1298,-1546,-1024,-12,1419,605,127,-1610,638,451,1132,663,271,326,-1370,-2856,1290,-2236,1100,1135,1645,-965,1226,-98,917,89,164,1076,-644,-1225,2405,-315,-271,-8,2311,164,498,916,380,1134,1178,-2489,552,-3105,1892,-313,-1173,-1299,482,-1213,1299,-2005,-1043,1254,1892,353,-2036,206,-541,-393,2020,1098,1671,-1983,-626,-1979,52,-550,222,43,-3795,-638,-117,1250,902,-393,-1233
1242,1525,-1026,-196,171,-583,-726,439,-91,1749,2100,-154,-1255,-3709,1337,-1046,1486,-352,412,-963,1660,941,2200,-2050,-1440,1415,-1114,-1502,-1117,-474,1803,-175,1023,2864,1417,-2316,1053,-1142,297,2861,3470,-1339,-161,-644,-1519,1428,1209,568,606,1771,-1334,546,538,-1215,-817,-603,-637,110,-863,-255,-1261,-1271,1648,-2362,-499,2129,-135,930,-58,1271,-565,1357,1584,-1748,-2343,-833,-556,-68,-8,118,2336,2741,1449,-656,1206,-659,328,-25,174,-417,-1244,1187,1084,-1424,4,-1899,-368,-352,441,-732,-1454,268,-579,1337,2240,-1973,-300,-38,-1620,-592,835,4814,936,-786,172,-633,-1010,-1487,-348,82,-581,-46,1403,-1972,621,1124,-758,-915,-983,1361,-572,-654,2084,-1348,-1489,-2496,-10,-842,-731,-431
1079,-554,-23,956,-1587,-1451,-568,-2289,1822,371,-1159,427,1085,337,1934,-1203,-1086,-827,-417,-2310,518,-1148,564,-1259,-234,-889,262,2261,827,-262,1111,-568,-2732,-1022,1509,-726,-901,-987,1272,1299,-710,529,923,435,1720,419,316,1877,828,2740,-518,-490,-1119,2017,-1608,-1456,906,-18,19,-1630,-394,-3045,1142,903,1658,746,997,1733,1242,-980,635,-1586,-541,706,3888,667,395,-307,69,-355,3288,-216,-1674,-270,-888,-1546,-912,-2352,2303,-422,-1890,1262,894,597,-1842,-1975,-87,-911,1228,207,547,-1584,-2330,743,-2402,-514,-130,-2704,1118,840,-1304,2164,-1591,1069,-406,913,90,-1581,-1088,-8,368,239,1504,-543,505,-899,-1982,-723,449,-1259,1621,-1646,2115,-5,-1231,275,985,1082,-562,80
-941,-548,-628,2022,-1105,507,-459,-566,1185,179,-3049,3010,-766,2143,1178,-890,-1659,-2050,-90,1477,-888,2318,32,-26,-415,74,251,1073,-421,-1013,1105,-794,-89,494,-2747,1548,-912,-761,1312,816,-2922,638,-104,1020,13,-422,-535,918,2570,523,-1628,63,2558,-1595,-2200,-501,-775,1160,952,1525,900,40,-581,927,1935,1073,-1301,2315,-1268,518,-1028,353,638,-1422,599,1623,1831,-34,1551,3125,-4209,820,337,-965,-442,81,-3282,-662,2098,-266,-1589,1690,488,2752,-4333,976,839,252,612,858,773,449,2301,-728,-1382,2341,-1214,1687,-1182,-1379,-2086,423,-1211,794,2064,-225,-981,2896,3683,250,-1045,3007,3484,1677,1991,146,-2129,-1670,-51,-2158,1520,402,2287,-950,-185,1540,2176,2203,745,-126
469,-91,2483,-1674,-511,-713,228,-1123,2009,-435,561,-2768,1761,-556,-312,1095,-1564,546,1326,-1586,-230,-358,-1151,-777,532,210,504,353,1004,1661,1068,-330,-2710,-1827,889,-1269,-127,-2607,1294,-661,-1105,602,-409,1429,-670,-301,3367,-1760,-1183,-1593,62,-839,-1245,2825,1918,1172,1576,-991,324,-2485,-1538,-410,407,-566,479,-1717,1199,537,1763,-2574,2738,279,475,1047,75,654,-310,2743,-1557,-1283,1481,-1465,1014,-1760,-1149,1086,-1092,-1137,355,1925,1130,1863,-1118,2709,1212,-1545,-920,-1188,-1171,2220,-392,883,286,3738,-1489,-81,-1428,-1365,-12,1979,481,240,-331,-447,-2211,-935,-349,-2569,-2277,987,1307,621,913,521,-720,471,-718,19,783,3065,-677,-521,1388,236,-549,3388,610,391,1315,1035
219,-2586,850,-324,2280,-411,1088,951,-1679,-996,-695,537,758,-158,-2129,-643,750,-1065,-2314,2071,1230,-2778,418,1476,720,-2581,-287,-632,-456,-1711,-1049,835,157,14,-830,-567,-54,752,-2976,475,2217,-1669,114,-387,1638,755,388,799,-116,-25,-3277,-975,-1237,1006,574,2455,-35,-1149,-693,46,234,-2098,-164,-320,-28,-1048,-1316,-648,1380,-1019,-2960,-2017,2729,556,-672,-1124,-2224,-645,-233,-1210,1815,-1685,-779,1080,1535,-604,1437,1530,-1590,-1528,-77,-14,-1662,-3026,148,108,1724,2301,-1540,912,485,-262,541,117,-104,-907,-380,1063,434,1171,-1903,-551,943,-1761,-1570,-1272,1534,-750,672,173,1703,2676,261,366,921,-2632,1897,376,-338,-1264,1345,11,-974,1507,2715,-1407,-82,-135,494,-1815
-179,2358,-1406,923,-946,883,-1704,-399,737,41,906,96,-935,-687,2860,1045,578,1387,-351,-2935,288,-206,-161,-1875,-2259,1627,-716,-131,-826,-539,157,1039,239,-165,437,-1001,1120,-2,1714,91,347,-521,1375,479,-1034,1187,754,500,-1125,-105,1598,949,1840,193,-1021,-1091,-2452,-169,279,-1248,-554,923,-255,288,315,1734,2430,-20,-564,1430,-283,299,-942,404,512,962,629,-2352,-527,-2219,826,1494,748,-531,1869,-408,3272,-1235,157,-1649,257,-2034,404,871,1184,1583,-842,-1610,1183,-1795,-2065,528,-917,-1405,-182,854,964,-2527,1385,926,-734,594,-116,593,1955,235,-747,-1602,-790,-248,-1034,-435,-482,1362,-868,2040,-47,-2421,-1813,777,-1247,-529,374,1317,-782,-1122,518,45,-943,762
881,268,-339,-1659,459,425,208,-524,1072,642,1264,-1125,996,449,-1458,-594,1395,-1255,797,1695,1969,-1647,-1016,2243,1257,-583,615,-1187,-884,-199,478,-1694,382,1560,1670,-281,-2216,-1166,-1207,-1896,1337,-1007,479,1724,1232,-2678,-160,-1199,1134,-182,-268,671,-828,-388,-106,321,-1359,79,-1620,616,1025,466,588,-1120,-78,1198,670,407,698,-24,-1610,1137,-367,-1812,-1076,-3156,-544,1248,-618,-104,-1638,-68,-365,-111,-229,-1094,1330,-107,160,-945,-854,-352,-124,-1755,1442,1248,1564,864,-40,1919,-40,789,166,-3269,903,-2754,-839,-352,333,-1840,-339,-352,49,-748,-1250,364,-347,188,-1122,-2406,588,775,-339,636,1409,-787,553,-190,-894,1373,3263,350,-1163,905,254,-1174,-573,122,81,-664
224,-1729,-241,-1154,105,-1268,863,746,711,-781,-898,-540,1104,1083,-734,-1388,-1318,-1276,-262,-47,143,-3009,-3120,2951,1988,-549,-1304,2457,-626,2046,437,1206,336,-491,-1077,1183,-701,-337,2691,-262,-1795,-656,502,-1406,-231,-2185,-1199,-1247,-1921,-749,46,1634,-1814,1592,-601,-1570,2241,-694,-1850,-554,1257,788,-1768,-752,-1101,615,-2683,-119,1321,-874,-1693,-570,3226,1242,1975,-1082,189,-1903,2510,-1661,-1722,-144,-1377,3039,-719,-2005,760,1764,601,-65,329,-1008,-1324,2036,-133,3502,192,320,-2742,-610,282,846,89,-1515,-2190,-662,-633,-721,461,400,1417,-521,1475,2158,-254,648,-322,-877,659,1188,3045,-692,357,982,-595,-258,-168,-1532,593,-529,1572,3183,-1505,448,576,194,635,-936,753,1361
380,797,-3979,110,-1456,-3495,-105,-916,233,-379,-1569,2007,741,-569,2552,-972,321,-564,-1368,-293,-2485,2679,392,1481,-339,544,-2112,1866,-1159,-599,176,511,382,2254,-1,60,-2008,708,2412,141,2041,2173,277,-3044,-1755,-513,-2073,259,2524,3669,1119,18,152,-322,-106,-3268,-1201,-220,-1100,1118,-424,1395,-672,-276,47,509,-2393,-308,824,2799,-501,1863,-284,844,497,-1119,3419,-1047,2897,2777,-2831,2193,-2415,-903,126,-152,-1018,2151,-425,-1877,-1589,-449,525,3056,-2469,1348,-2681,-566,1518,-1726,322,825,-3363,-2765,440,518,2063,-1038,1561,-608,-211,970,1381,-1703,600,3769,635,-606,-250,51,1060,-2141,900,774,3619,3523,66,125,-47,-2299,1688,-1903,783,217,-1111,-1815,1538,-2751,-1786,334
221,-1389,732,-821,81,-943,927,-1199,-1133,827,-1672,458,2532,2729,-509,282,-26,-1809,-1156,-260,163,-640,-885,336,-871,48,-661,1570,102,1285,1125,-1402,-1288,135,25,-2286,-355,1877,785,-913,-102,257,2161,865,51,-604,1275,-313,-1109,1321,-919,-1714,-172,1156,-617,-870,-548,-1767,-537,-710,2054,-88,577,-682,609,807,1198,1264,-124,-722,-203,-2756,-1499,436,1173,255,-2230,-1235,-1178,1089,324,-847,-365,-374,-1077,653,2212,-307,266,-1463,701,587,1777,-507,-495,674,241,54,-891,1533,-777,675,277,-1672,-558,506,-950,-2200,-911,-914,-650,-2233,906,566,-267,1285,-87,-1606,358,2883,-95,-185,625,685,453,-1742,-1768,-428,-797,1540,2486,-1529,-3577,263,-1156,992,1785,-524,1108,-825
-8,-524,1176,-2452,1405,784,-1125,2997,-1060,-13,3552,-3958,-749,-1519,-3863,1583,-706,502,1268,-393,-759,-592,496,638,3321,3672,-1753,-255,1122,2518,-1915,668,-651,-2060,1369,843,-400,1017,1025,-421,3483,-270,-552,1511,2181,-1203,524,-2574,-754,-3323,439,1907,-1659,1310,3638,1646,2067,521,-1070,917,232,1336,1808,505,-831,375,-2660,-788,6,-2927,-372,434,392,726,-2884,1234,-513,2464,1096,-2320,954,-2071,-3568,2678,1109,-592,19,5358,875,1906,4039,-1563,-1045,127,2655,2562,-1394,1907,-4404,589,-1732,2950,-59,1689,1553,2496,1722,678,-1958,117,2670,-2224,289,786,825,-2259,782,-824,-513,950,209,145,-1651,533,-1421,3568,2304,1673,-536,847,-1071,1384,2155,-1102,411,-254,-694,-2257,-1586,1830
553,319,-963,341,17,-98,1297,-2232,1604,504,-1375,329,1597,1181,468,-493,-181,-447,-205,-753,856,-418,-1653,227,-4,-217,2171,566,1512,-378,1167,162,-1087,-140,421,876,22,-941,-305,-585,-884,-1031,570,-1782,-1573,-1235,-640,225,801,245,349,-172,321,374,-1410,-398,-1320,-2036,529,-346,783,1265,591,982,-1348,422,460,-1367,612,2202,-736,2962,-858,118,994,-1704,1393,301,-562,2385,-1850,2956,1110,-607,-235,1849,-1864,-457,-148,368,-914,85,-522,1349,-1612,274,522,-1159,1809,-366,1047,-1965,-633,-1081,-1886,-786,720,462,1174,708,-1881,-205,-976,644,705,1015,651,1719,127,-1246,-943,290,492,380,1915,253,-1022,-1086,102,-1129,-188,607,-1608,-827,-659,902,606,-132,345,-1593
235,616,-750,464,-496,-292,-38,253,166,-555,-1467,1175,-1413,-1136,2304,-1287,682,2225,-375,-712,763,979,-1153,-551,-1962,-68,-13,225,-641,732,-1947,1468,2511,-952,-213,329,-161,-2206,1701,2142,-692,-3168,1576,-1262,-1659,760,811,-993,-1669,223,-793,352,2381,-1306,-1576,-2345,-1324,1075,-1591,1446,-854,1670,-1293,-1626,-421,-340,-711,-913,-352,760,-481,842,1537,1454,-374,451,1925,-1494,1148,-2543,-443,818,1155,169,90,-1325,1088,-950,530,-1112,-572,-734,-442,1809,654,1133,-406,-1130,928,-2060,1599,-1430,-50,3,-2234,871,-1671,360,1056,649,472,-331,-269,1313,610,1270,9,645,1993,-823,-156,-1357,183,898,-316,928,-512,-943,1664,363,-300,1426,-246,-817,-73,-1000,272,1039,-548,188
-179,338,154,-100,-452,-275,929,-633,827,-729,36,-457,514,366,-849,-186,-1505,-1256,1182,-1462,414,-2404,-1646,532,776,-599,354,288,1212,-137,966,6,-651,-807,-808,382,1405,419,878,-175,-1072,214,-1543,1340,-559,-1559,-209,1275,-626,-230,1394,-485,-1534,211,-1519,201,630,-2361,892,-1823,754,1997,-164,675,-1078,1561,935,-653,1457,1432,-899,-577,-774,622,2398,164,-1312,-746,-513,572,-871,475,-198,2080,-470,-32,-230,-679,560,632,-20,-294,956,1054,-1123,210,-736,-654,1205,-1188,-711,-1582,-270,-792,-2223,-1207,-357,-1383,796,911,-953,906,-921,448,-827,1045,-644,-224,-1379,-605,752,-1446,52,60,-24,-1198,301,-466,-2717,1053,-2039,937,-920,-258,956,633,-1856,1083,572,-325
427,-344,-51,-219,120,-893,895,-1230,84,417,-406,-498,1350,-217,-206,764,-429,-630,243,-817,98,-827,-803,845,837,199,49,162,762,-409,336,-671,-741,254,186,176,1596,877,170,-605,29,-501,-748,903,-57,-1007,-408,-57,-372,-202,-695,-3,353,1277,-291,-717,539,-1131,1162,-1333,414,-385,-100,210,-985,532,-61,439,1001,370,-482,648,-90,-81,502,-331,-1390,-68,-965,1141,322,1446,-863,56,38,463,-130,565,-125,659,-813,684,-479,-887,-527,595,-645,-231,945,900,498,-1148,-796,370,-398,297,-64,-615,669,821,35,711,-788,212,227,798,-308,-364,258,-128,-413,-1709,-773,-1068,-168,-708,-782,135,-215,19,-1284,-505,-676,-1107,408,502,-981,253,-679,-1138
-139,606,267,-582,794,414,-269,995,439,-171,611,-737,-1041,-776,-605,-422,-902,-671,467,155,706,-117,-721,-32,715,-76,238,-125,84,579,684,26,913,292,-559,-21,245,-455,411,1060,1413,-1058,898,792,-281,-42,1172,-51,-1818,-149,73,-129,-412,-946,-192,30,1127,-9,-749,-745,284,1557,-14,-1333,308,428,-275,279,-880,-721,-380,-386,-50,1264,-586,-699,-385,-194,1262,-1158,-1638,-261,1243,90,356,-228,839,-267,-469,700,867,297,-504,-98,733,1649,-251,1687,-1616,-373,-367,502,647,-664,901,-688,-545,601,-432,-395,961,796,-137,51,-338,-883,-1653,-583,-743,77,340,1086,688,629,412,118,588,-1599,-1882,165,-1284,1003,553,536,29,-937,171,-70,101,131
246,264,21,-76,-65,-1001,227,175,-790,-863,210,-415,-746,-1647,269,485,-115,964,692,-1102,104,-370,194,-1103,-1050,-784,-451,-527,15,169,-897,1032,649,-1746,1573,-1838,1739,998,261,949,619,471,68,22,95,757,-8,1075,-790,-742,84,-363,-1247,-180,489,-13,-366,-1179,343,131,-1706,-261,486,-518,-129,-761,-1636,-22,245,-707,590,642,112,2206,-370,553,-253,-103,585,484,1265,591,893,262,-544,-771,734,-17,168,-989,553,86,940,-382,567,-2282,-843,-1268,-914,-1214,198,-839,-1006,1057,-116,-442,1922,-1694,509,906,-1318,185,-531,578,-102,737,119,-1145,-3,-332,177,-1352,-63,402,-246,972,463,1766,-451,737,-282,950,7,-1067,687,-771,-531,-352,-791,604
-173,-162,260,-192,550,-202,-59,316,-576,-183,94,201,-23,-696,337,137,-541,-466,-1127,-375,41,-789,-397,368,72,868,-1407,-694,-876,-199,-398,763,739,-791,731,21,-574,297,-389,-296,188,278,337,-1212,687,482,-152,42,-272,-184,356,13,-802,1030,1063,176,639,-515,-77,-488,631,-1558,995,79,1050,798,-667,93,468,4,596,-689,526,685,-136,39,-10,-686,186,-951,1257,-97,-479,1605,-241,-617,1355,-842,608,-1058,839,-1703,-858,-292,-799,438,387,-392,-1033,1369,-807,574,-296,-378,1162,505,793,-1382,538,580,-999,-449,-367,-891,-65,-684,763,-143,-315,329,739,1245,571,674,-661,-369,387,176,100,-286,646,215,221,808,-617,512,22,-742,-1158,369
-188,228,89,-116,173,357,-564,370,1,72,418,-455,-684,50,-473,35,643,171,1078,-434,1139,319,132,-788,175,23,-637,728,601,-639,-473,-691,431,581,518,-117,234,157,321,-957,-140,482,-860,672,167,-400,-226,-416,-758,-102,-600,-49,650,-845,-819,2,421,314,535,323,-354,1212,267,-141,-361,511,-311,1437,-607,-46,-226,-499,-549,-719,671,-576,-783,331,-98,863,-1042,-530,-117,1001,-228,-232,-703,1058,-414,1814,732,329,1488,173,1366,-476,-306,345,-1139,-110,-324,-1022,-862,-548,1129,-770,71,768,-1161,-1393,477,354,-18,1238,-429,388,-318,845,689,-873,-580,-670,266,-744,107,262,397,707,-661,74,-1239,765,312,411,197,-1175,-967,709,-1022,-165
38,-12,-50,87,-62,147,-154,221,268,-375,46,142,-330,-333,251,-146,-180,27,-112,-223,169,-275,125,-127,-181,-288,357,104,-62,-297,-32,662,-104,-263,-90,-415,163,24,359,537,331,-356,528,111,459,155,268,203,-253,-530,-188,240,-219,-551,166,1038,-284,391,-220,-550,-286,-23,-154,325,327,-6,-147,-571,13,-107,-485,-744,14,88,74,481,235,-148,128,-307,-126,162,-313,-75,325,-132,145,-205,-331,-1020,255,127,616,455,103,-513,-130,-226,-62,-247,232,449,530,-591,-899,433,169,-45,441,281,-465,36,11,177,-161,-270,-677,546,470,19,-28,393,102,943,372,-72,-71,-122,-428,-217,493,-3,673,-115,-220,-474,176,280,201,66
248,-4,-208,374,-208,72,-32,-318,362,-138,-302,28,-51,-178,441,142,-267,80,-181,74,234,-235,-165,-4,-94,-211,501,-47,-126,13,-38,-32,-121,-426,-307,112,318,-118,150,264,-329,-206,463,265,-95,-42,-154,215,-73,-65,-76,-220,176,114,-153,49,-145,412,50,-285,10,-371,-472,40,266,-286,-299,-47,187,-217,469,327,371,-68,170,-16,91,-50,426,-257,-151,39,343,-213,495,-713,-33,-301,250,-13,-638,460,-706,129,-347,412,219,-676,112,-89,298,50,259,29,-106,-89,-92,-296,253,355,-297,385,-390,472,-149,-512,-136,97,26,-455,283,151,42,229,-233,23,45,-231,-76,-259,564,-26,-301,237,160,-280,180,136,364,-252
204,0,-167,-553,-167,199,-162,957,440,-478,752,242,-404,-515,-274,-962,639,126,633,484,975,134,382,-59,139,121,-16,-586,-676,125,173,406,969,-216,433,-243,-903,-143,95,390,-387,517,-393,-998,412,-456,21,527,986,249,-130,587,-1123,-856,245,121,169,580,-661,91,-514,75,641,249,-199,140,-537,-84,-360,124,-620,397,-560,306,-220,163,824,-10,218,-30,-125,453,135,805,-1098,-804,-412,286,55,31,455,-368,33,165,1,-537,469,39,-283,-618,202,134,-166,-44,69,-10,-130,-305,-1032,-1027,420,-154,-26,-101,-35,133,263,567,339,-773,499,585,-51,122,167,362,106,-244,-387,-394,759,904,80,-565,500,-739,-101,202,-636,520
-9,0,4,273,4,-111,106,-513,-125,250,-384,-134,240,255,134,411,-376,-73,-358,-96,-554,-10,-119,209,-47,-90,262,252,326,-27,45,-134,-294,134,-273,156,566,235,392,-191,-323,267,-70,458,-623,-409,-255,127,-361,-5,204,-143,515,262,-12,-34,171,328,-70,-321,208,-248,-224,181,215,27,-130,47,387,4,173,331,105,197,215,-54,-314,-289,-162,-217,22,-48,447,-113,213,147,-41,271,170,462,-111,206,-85,-174,-313,147,-457,-34,30,-59,99,-316,141,366,-4,270,-123,-231,231,68,361,-138,-106,19,-409,553,31,-410,-183,-93,74,-187,-215,-202,-105,76,-495,-317,537,41,-291,-742,-541,602,423,613,-208,-197,216,-108
0,0,0,290,0,-20,20,-310,-20,20,-310,0,20,20,290,290,-290,0,-310,-241,-69,-221,-261,20,-32,-238,29,261,278,-241,-35,-20,-413,16,-77,-169,401,204,21,-1,91,-166,249,457,-140,-393,-297,56,-352,-264,-270,120,276,176,-42,-184,131,-284,279,80,159,-166,-140,-359,-49,48,-239,84,169,113,11,320,346,-93,186,286,-437,-488,-72,75,64,138,15,8,504,18,418,-191,16,532,-134,60,-354,20,43,-92,-251,63,347,-118,-94,-56,38,-34,-55,-242,-136,-50,-4,638,-278,-186,-143,496,-200,-526,115,-32,465,333,-336,-378,-53,-275,-45,-319,-94,-41,92,81,13,-191,-418,-372,179,-305,-88,251,226,76
0,0,0,21,0,-5,5,-26,-5,5,-26,0,5,5,21,21,-21,0,-26,-20,-6,-15,-25,5,-1,-15,-4,25,25,-20,-6,-5,-27,-69,72,-9,-44,-114,-129,-82,23,-26,34,-74,74,152,170,-203,45,-17,-30,-36,180,250,130,-24,52,-98,277,-60,54,82,-55,-28,-41,31,109,-38,-45,-13,10,-232,98,-61,48,-46,-15,125,-96,139,55,-64,-158,-232,-131,140,62,-63,43,-213,127,-138,-148,38,45,101,326,67,89,296,-2,109,-77,13,121,-166,123,101,194,-75,-52,42,-104,-318,223,-3,-1,-4,-217,-4,-192,-47,-43,-122,-147,-237,40,-104,-232,-46,-202,40,252,-18,-76,25,-57,-13,-171,76
0,0,0,15,0,47,-47,32,47,-47,32,0,-47,-47,15,15,-15,0,32,-15,47,-62,32,-47,0,-62,47,-32,-32,-15,47,47,-124,-20,-27,-109,-5,-2,-17,74,66,-19,-28,-30,24,-42,-27,106,5,-15,-45,95,-105,24,17,126,-7,-50,62,83,147,-104,49,-33,44,-14,-80,-12,18,-122,105,110,91,-101,46,169,173,-55,69,38,51,-25,20,165,60,5,88,-65,53,181,54,35,33,42,-5,19,-1,-153,-110,-67,-10,154,76,42,-104,-233,3,-363,-203,200,-149,-42,112,129,-119,-110,70,42,98,112,-48,-58,69,20,169,101,28,-74,-23,28,106,-42,-208,-207,-8,-129,-155,15,240,111
0,0,0,0,0,8,-8,8,8,-8,8,0,-8,-8,0,0,0,0,8,0,8,-8,8,-8,0,-8,8,-8,-8,0,8,8,-16,2,-10,-16,2,-3,-3,18,24,-16,8,5,14,42,42,-26,-2,0,18,-15,-5,9,3,24,-11,2,13,-15,6,-3,-18,0,-8,-7,21,-24,-5,-13,7,-57,18,-32,2,6,10,11,20,22,14,8,-22,-46,-6,-25,-17,-52,-28,-47,3,33,102,-25,-21,53,19,-6,-50,-13,46,12,29,52,-45,-56,33,-69,32,19,30,-17,40,-11,123,-37,-25,58,91,48,3,-11,33,96,-46,-11,-57,50,60,-77,40,-59,62,26,-107,-50,46,-43,16,-180
0,0,0,-5,0,1,-1,6,1,-1,6,0,-1,-1,-5,-5,5,0,6,5,1,4,6,-1,0,4,1,-6,-6,5,1,1,8,-5,4,3,-10,-1,4,-3,-3,4,-5,-6,6,1,-4,11,10,5,8,2,-11,-9,-4,8,-10,5,-11,7,5,5,25,10,-7,5,0,-12,4,2,-11,11,-23,4,-1,6,5,11,-10,1,1,-12,14,-4,5,11,-8,5,-4,9,12,-13,4,-7,9,-11,-26,20,-14,-10,-1,-29,-3,-5,-25,9,-5,-26,11,-17,28,6,-17,-10,10,12,-6,38,30,-9,8,43,2,5,-4,18,-20,25,50,-37,5,-21,55,0,-57,38,-7,41,28,20