71,154,-367,-533,253,53,50,-74,706,-36,273,501,944,-126,152,46,154,-514,-21,-274,365,-408,874,114,-371,73,43,259,-436,-713,-3,411,-242,-29,-270,394,388,366,166,-573,-271,-221,-120,697,-337,153,191,-537,48,414,-61,-176,-677,625,333,-64,449,-375,-294,69,-419,-273,445,-447,-961,636,210,-213,-375,-319,-106,172,-147,201,582,255,-87,-390,124,-134,125,-414,-151,-97,-360,-192,-252,681,-433,86,-331,288,-291,-493,428,373,342,-421,90,700
-147,138,383,29,-37,-568,-105,221,-213,-470,324,538,659,402,-256,74,119,560,317,117,436,-9,-33,-117,194,-700,12,403,455,-526,-164,539,439,-190,109,230,-52,203,349,-191,589,-388,-162,-189,-133,-477,333,-205,-381,-492,-783,-489,476,768,224,-1017,143,-620,-644,517,59,-565,-296,143,525,-345,-166,693,157,-607,-178,-248,7,509,414,685,628,496,-527,-247,207,67,-442,147,701,-40,1226,889,-483,561,-631,150,99,-7,5,4,-241,750,-71,-391
-116,-5,29,172,-115,405,-369,-413,-666,-531,-70,-113,-215,22,-248,221,-39,68,-93,-441,-435,10,-306,291,-226,-853,208,-184,476,569,21,27,-534,-64,-635,749,-461,230,115,-95,-503,766,-290,177,104,-278,113,-302,-789,-111,-802,-491,-131,204,-398,-489,170,-575,27,362,-29,185,259,-285,-226,-777,-958,334,153,131,-238,-295,-336,-585,545,125,344,357,578,703,230,197,982,-92,-45,165,295,197,-283,367,-68,-240,247,236,325,-335,-297,-477,-246,-762
247,-374,544,219,-2,-290,-307,-749,235,-168,104,-290,-19,174,164,-424,-54,-384,254,-75,-665,364,-493,-161,111,495,-383,-317,-152,463,-321,563,88,-6,382,-270,-197,-640,-219,-123,852,-250,-481,-454,-324,-452,79,659,218,240,-341,-172,-74,285,-19,143,-9,-182,240,1010,543,-446,-353,196,207,345,-335,494,681,228,483,-142,388,-193,-296,812,568,-175,54,483,-310,382,730,102,271,-99,241,-65,607,-380,-582,-381,-395,162,319,-386,527,527,119,93
81,82,-426,175,412,-58,-451,-569,-571,-1053,-35,283,-231,654,66,290,-256,268,406,-450,278,274,357,-353,-209,-347,351,422,-29,436,-667,694,-150,-809,-271,1593,-524,288,460,776,339,-833,453,-201,-85,10,431,-424,-414,-462,-533,-121,-161,30,678,-1148,-196,820,65,-454,-788,-174,200,-707,-409,459,-706,-314,-277,-591,-1002,256,216,136,334,-186,718,21,714,-353,501,3,454,773,-320,111,-276,369,235,-39,47,472,829,450,-273,-338,473,309,-589,-496
-219,176,-265,710,-299,-436,132,107,-262,-326,126,861,-358,-162,75,131,-682,6,155,-93,698,-198,708,123,-17,568,-368,-75,-75,-503,132,-160,326,255,-669,188,-612,589,-250,-332,-275,-503,485,-81,406,316,535,-150,-928,-236,1183,372,378,73,771,293,-162,-269,184,-376,-216,456,-71,-858,-1108,604,257,-232,-243,130,192,-367,-724,41,-52,-567,-71,322,54,85,-188,-1235,163,215,-492,-320,-620,-483,-633,211,62,304,-412,-32,-43,-66,566,-55,251,723
-400,299,-206,88,-192,-677,-327,286,390,197,-318,9,-419,279,-165,204,378,-394,69,-483,153,-123,-121,473,28,195,-790,-54,-259,584,-76,-250,-20,-611,555,368,-315,-237,-465,-245,-134,200,445,478,-45,-95,344,-410,181,-313,565,-341,-331,-69,7,534,353,-44,212,891,-193,522,-415,-69,205,-25,98,205,-344,-555,-242,4,788,-453,50,-304,60,311,-414,67,708,42,511,-353,25,49,439,-261,-541,52,-45,399,135,-99,306,124,-152,-292,994,169
-370,-109,-547,-29,-201,-18,-94,-286,361,-18,106,84,338,-266,-368,527,-126,-635,-283,-521,438,-68,536,-204,-160,-60,-641,-9,-186,-644,-155,-106,-506,206,-39,162,343,471,-33,-291,32,-191,102,-3,-1020,843,522,-483,520,615,786,-67,-26,240,-272,161,287,-758,-10,29,-340,-83,-300,-721,-683,130,377,292,92,-84,660,-515,1002,-253,158,23,377,-191,-101,-235,858,-331,448,-176,513,-592,9,-208,-532,358,-669,363,-480,-415,668,95,207,-158,-217,-341
-238,-94,269,-162,325,216,221,-8,-32,143,-53,-135,74,-239,163,499,-49,510,95,295,-6,-303,369,107,192,275,76,-34,-228,13,39,170,-203,264,-355,213,45,-157,-290,700,-15,-410,50,21,-12,268,21,-75,477,840,395,148,441,-1033,-378,-176,-20,-123,-156,-106,-179,510,357,340,12,93,95,414,476,19,-150,509,318,203,47,673,328,392,-286,418,-554,-288,191,-272,291,-190,-204,-132,531,264,-313,46,-319,-674,-576,133,744,-104,-167,156
-485,-270,40,566,131,-388,107,-232,-561,-392,-435,388,-489,225,487,-79,-143,668,783,-281,59,-164,-406,-223,-621,169,-4,-349,320,504,432,-210,-101,-49,195,116,-299,-1026,56,-284,555,-217,-1,37,850,195,341,70,62,198,785,92,653,-721,542,-73,-584,957,363,240,2,158,-405,699,178,173,197,609,146,-84,111,-195,271,-189,146,-292,679,-145,-441,829,156,190,326,-344,-284,-598,-644,-955,-79,791,-452,-618,716,-664,-988,409,677,-305,-314,253
128,64,-115,-166,-107,337,316,-103,-52,208,-263,-254,-553,364,-197,220,-376,-196,-165,429,159,-336,477,-100,116,-574,-32,-222,-348,-174,-249,243,-251,-245,14,207,184,78,-362,-506,-210,9,592,317,354,543,234,238,-114,126,-418,-900,-519,-457,-160,-530,214,-467,-24,-259,-100,-112,694,-391,-102,-56,-325,-17,229,-307,-523,316,1,-14,-171,-402,265,94,796,-142,-117,-143,78,-29,-239,-193,-82,46,186,539,-104,6,-3,-277,-214,-555,444,-503,-88,-222
247,189,516,-52,-321,-53,294,277,229,502,119,142,292,-407,40,-352,-212,-130,-211,126,-280,-82,-292,-447,276,483,573,-351,-261,-801,-320,20,571,278,-114,-852,236,266,387,302,164,589,-631,432,490,-80,-91,-227,152,880,25,455,-416,-595,77,152,-159,-185,82,-568,82,195,-104,-182,-5,787,-138,-574,35,-191,1087,132,-274,571,466,388,-459,-487,-282,72,248,-527,-166,-618,272,-271,447,350,184,-44,416,417,-105,-318,336,-234,117,280,-456,197
-212,-241,-473,-288,-135,512,13,114,203,160,-178,-624,-321,-254,-274,144,239,-574,-706,-327,248,-587,22,74,-459,-180,-407,-27,-227,-131,-203,-457,-904,-277,-522,-358,370,185,-282,-305,-480,54,102,353,-1039,-185,101,296,492,302,140,-373,43,-40,-777,438,15,-209,-381,180,-168,817,71,-11,69,91,310,-170,-215,289,361,167,52,-676,342,-408,-309,183,177,760,-130,575,-273,93,-265,145,119,-235,165,-62,46,256,-65,-168,64,64,-411,-762,10,186
-359,-23,-541,126,-459,294,215,-137,7,5,187,-606,-11,351,-33,363,-240,-156,-383,119,119,-145,478,-49,802,288,193,-21,-487,274,458,193,-430,135,138,428,154,422,75,-480,-390,142,72,-66,-626,878,-262,141,538,-91,187,-577,643,487,298,-666,653,-483,116,-60,-720,-895,-291,-450,187,283,-264,-313,251,527,110,-405,-67,678,204,-438,36,-216,554,1,-744,-53,160,175,126,289,221,-835,92,-106,-371,66,-243,-133,515,458,-372,387,669,244
-130,-227,216,75,116,315,469,53,-345,130,-184,-134,6,-320,-206,864,-364,429,80,-226,72,218,-258,-31,225,220,584,-870,180,-461,238,-181,-84,96,184,-183,589,-778,-496,602,433,-618,70,-594,446,-236,765,117,283,291,573,-154,730,-805,-534,165,-56,-395,191,-472,212,-219,259,318,291,255,30,529,790,-90,411,66,-7,-50,11,-117,-279,326,-221,236,-375,179,-532,251,-468,-281,169,-436,564,-612,353,-393,-38,-278,456,-87,40,983,-742,-411
-413,574,-375,-542,214,-116,-304,789,158,179,-46,72,-438,388,-113,-51,113,-400,-360,247,108,-703,21,551,-121,-557,-656,316,166,-338,-614,179,-217,584,291,113,-444,120,-138,-125,-371,633,-166,226,-93,49,390,-512,-132,-254,233,-109,-266,243,-26,415,-448,167,-136,973,4,740,241,-374,-649,-356,135,-616,-592,-295,-34,30,72,-547,144,-132,567,-275,-139,235,897,-134,-31,-340,453,-344,294,-29,-237,908,880,122,535,-56,-909,-81,-682,-312,1238,47
334,492,658,-95,343,-202,-165,-419,711,111,-110,-318,-138,301,543,-289,-107,-650,-238,286,-523,227,-21,-92,-367,929,-623,-696,-756,762,-514,490,-782,277,772,230,154,161,-193,-247,229,883,-168,-406,220,-524,64,-605,268,-664,72,383,-85,-116,-135,-587,151,138,427,448,745,-434,-412,-405,-645,437,-312,-154,-68,235,-120,194,32,345,-618,631,596,-876,326,-238,161,-355,-199,-110,637,795,281,167,770,-11,1172,-255,-165,-123,572,-441,-168,245,854,324
-314,173,-259,355,382,-653,-480,367,-186,-594,-361,1034,-126,103,-231,269,635,48,821,-1111,-8,186,-713,772,-273,-577,-164,-591,309,182,-153,-867,498,-782,-287,-121,-696,-1370,304,14,201,477,814,-503,586,-407,-137,-644,100,-758,478,-110,-583,249,521,-219,246,271,-225,1007,508,796,489,-390,515,-10,-60,595,219,-636,302,-467,46,-688,61,852,-149,-121,-505,527,966,39,-30,-12,-937,44,329,539,-352,309,205,772,672,126,-158,-319,-460,-355,291,-314
-272,28,95,-75,156,-124,-5,197,-317,-310,-384,-143,238,-245,-285,340,-38,92,-425,-345,660,-473,103,158,58,162,133,18,27,-375,465,541,-141,562,-90,-222,120,556,-226,457,-203,-184,9,-425,524,181,-66,-283,119,-15,173,221,663,-27,-446,-353,-562,-15,-69,-54,786,-95,-192,-185,136,-62,290,371,-289,87,-708,34,-212,-163,220,-147,-359,169,-203,454,186,-238,64,236,-94,322,260,-54,-326,-21,-220,86,-352,-333,227,184,-1125,-142,-271,-170
258,-342,343,35,-264,398,464,-559,-363,210,162,-149,326,-152,-394,152,-666,-236,-115,31,560,781,200,141,24,-40,-405,-470,251,-217,30,-138,295,234,480,385,1193,-9,-1154,254,416,601,-313,-85,130,-554,597,57,-561,-592,-374,208,204,521,-162,-490,403,-728,129,34,-718,-271,-615,-822,-206,-452,273,-276,40,-442,-60,367,63,-445,-874,-48,-95,789,87,-244,-229,-254,293,77,483,-37,249,294,368,-67,177,-587,-960,-118,262,-643,-154,536,-339,872
158,196,63,86,-102,-620,-486,53,48,-269,-242,-63,-485,574,-384,-402,474,-213,-614,17,350,-208,-468,-190,-325,-275,88,21,202,-8,13,765,486,-23,104,385,-168,-32,36,168,-43,-248,635,-127,-357,54,351,406,-162,-615,75,-110,-403,-88,416,-423,212,359,-550,-45,1119,-69,-15,21,658,371,-564,-394,-497,-835,-724,531,11,106,-474,-65,560,-411,464,-340,870,34,98,933,-382,284,395,-195,6,145,272,-649,25,301,-88,-431,-305,62,-103,-170
-13,41,232,69,-171,-279,-104,-215,20,-563,-25,-261,-31,414,161,-105,-65,-497,-272,-504,113,-165,-414,-549,-125,47,670,60,-205,-108,-391,969,124,128,231,20,-448,-45,491,-143,294,-57,-659,178,63,-110,523,69,-240,-43,-954,-76,-456,311,-166,-263,-806,108,-173,-273,307,199,-472,219,596,528,176,44,175,-61,-169,-331,465,353,-255,264,-67,-802,3,226,695,35,286,33,147,657,-98,218,-136,60,256,218,-129,-152,531,51,-592,-151,-545,612
-162,145,-192,328,-864,302,506,-151,-163,452,-434,-91,-68,338,-270,407,-451,-451,-372,362,315,399,117,-201,330,-353,-291,-654,-115,116,427,-835,768,-568,330,-190,610,-342,-1019,-845,-189,-131,-7,-28,-109,-110,264,-540,-674,-83,439,-632,20,975,-293,-280,164,-694,-932,-663,71,-40,19,-566,439,439,400,-430,-528,-1,-15,631,-825,4,-99,-162,-88,948,368,-473,47,-162,376,-307,-86,-771,-6,-76,-229,-95,443,-223,-560,-345,228,-646,-615,128,576,237
78,55,664,144,261,-133,-109,-389,174,-267,-438,26,250,322,861,75,-103,-116,395,308,-110,-28,192,427,-237,714,-345,18,-231,989,57,-965,-52,-802,729,-234,-55,66,-799,-277,-269,454,-37,-269,-395,625,-151,-350,-39,-407,-203,410,-368,189,-998,-138,-626,-15,219,441,551,145,-352,212,200,421,349,-182,245,33,-137,-652,1083,1003,-98,440,237,44,-233,-257,-424,419,419,-32,26,272,694,267,710,-345,-21,-154,-833,-516,-128,-486,489,14,-4,-396
-309,-115,-537,370,-298,124,-202,-222,-109,-293,14,240,-67,306,378,84,-21,-136,485,77,-415,-19,113,-241,-118,-403,9,95,68,263,664,-1125,-81,-326,-235,-420,-194,233,-272,-213,-234,198,-591,-304,-416,604,-11,-142,-344,-21,449,115,-377,383,-632,263,-416,-105,-387,-737,-849,50,104,-63,-272,51,781,-97,-230,482,444,-827,157,611,47,-311,-476,91,228,-121,-659,211,-65,-395,-395,-932,-489,-167,-475,276,-198,79,89,-140,147,-154,848,-94,-489,-299
360,-687,320,62,482,601,-10,-173,-469,-510,-258,-603,-491,-120,-188,519,-233,193,301,-495,-185,-271,-553,-520,-26,344,330,-743,-317,481,-369,-500,-244,-1139,-883,474,152,-641,-581,1217,413,370,-306,-367,1038,63,269,114,703,368,101,15,529,-379,-103,-448,274,-72,1391,-493,-435,331,-385,83,84,70,236,169,147,545,78,-272,259,-652,365,-365,-32,-232,-622,279,88,350,181,493,72,-134,324,-202,993,43,156,194,210,-342,529,404,1122,-22,-1194,-240
-21,165,103,-256,-169,367,-61,-24,-291,-34,-593,-388,-302,-54,-34,451,-92,-664,-246,-242,-21,144,-178,-89,-645,-49,232,-313,-150,-91,290,90,-69,515,594,232,-332,-238,-146,403,-293,-192,176,-285,1129,-286,1256,-630,-68,642,466,297,-381,-326,-13,448,-921,43,-25,-323,105,-31,-106,213,622,-102,185,243,-531,35,-578,239,-81,-16,-66,-528,-397,298,-303,251,249,481,163,205,295,-285,-115,275,658,-656,706,-212,300,-123,200,-270,-850,-870,-237,98
355,-94,63,-745,1005,98,57,632,920,-127,427,339,567,-170,-364,301,148,-29,140,223,-591,-466,-89,60,123,-47,-697,365,-409,-975,-307,715,-101,-58,145,475,86,170,447,156,-116,68,-879,-244,59,739,-811,-395,-301,-669,-366,-309,712,855,76,566,-219,-355,-224,234,-132,-650,-391,19,8,-167,-352,1260,-98,-37,-350,-200,171,569,323,-447,-355,-176,98,-261,615,466,-440,481,-318,360,351,484,-134,586,-46,43,-1123,525,-139,529,660,-297,-131,-270
-25,567,-197,-378,-71,-632,-320,84,559,104,-438,514,-191,146,-204,-346,4,-856,-196,31,-187,-217,130,307,-351,352,21,-210,-897,-508,19,705,-45,477,636,-546,-931,-222,589,-770,-84,-119,219,49,316,-245,92,35,268,-213,415,-283,-523,-189,661,744,-565,532,-272,-761,774,-602,516,-120,-222,812,242,-29,67,-212,87,-176,276,205,-466,-403,-308,-892,276,-294,280,-502,-67,-333,-297,-882,-206,174,-411,-6,-217,22,-341,-674,240,-335,-258,-445,-175,226
-574,290,-320,-66,-121,-159,179,296,-292,82,-334,-98,14,500,215,696,52,-31,-49,-233,233,37,214,112,97,-165,189,-286,-395,-346,51,-581,55,144,-339,-104,-116,-849,16,-470,-669,-520,571,386,312,147,-31,191,378,-190,7,-422,-80,-80,239,6,170,574,-774,-253,333,316,148,515,365,-10,31,362,300,-250,-39,-30,533,126,-150,190,328,328,-379,415,48,-587,-579,-67,82,-802,-470,-217,213,320,199,1009,-259,-217,-480,-434,-156,364,216,296
-239,78,20,125,-74,-328,272,422,16,-190,-347,812,228,303,-561,84,300,57,-8,-127,-56,-55,-177,334,517,-50,-130,-322,222,-614,400,-269,754,660,-24,-748,-219,-358,250,63,-85,306,-51,-1069,395,-211,41,601,-877,30,219,-4,-149,342,-47,-292,-680,59,-479,277,436,-426,855,-514,-208,146,-214,160,-122,153,201,88,-163,-206,-98,125,396,284,-60,81,-496,-436,-131,-387,-378,-979,436,50,25,413,52,-232,-58,152,-268,-474,-92,454,414,-417
-302,122,335,929,-705,-463,380,-283,138,-74,-227,221,-293,111,588,-270,279,-79,201,104,-223,-24,-143,10,-85,559,163,-581,-501,492,430,-619,182,171,-194,-588,99,373,-88,-96,-289,0,660,-214,-304,-715,90,841,-255,-266,246,324,-404,-435,-66,-466,127,32,79,-197,1124,294,-418,287,-534,430,-506,457,267,57,23,368,714,220,-552,-324,-393,225,573,-283,-434,278,219,347,-536,253,-357,-258,-485,899,147,-495,-93,-644,-68,-309,840,-77,-144,-183
189,159,609,201,-100,196,235,-492,458,173,48,104,772,-822,169,265,-5,451,-319,454,-205,45,496,-93,499,1019,-29,421,-538,565,25,429,-328,2,584,-265,-318,1391,46,-253,-285,-447,-181,681,-420,621,4,-519,100,588,-292,510,608,514,154,-221,-381,-659,31,-574,134,754,-251,-419,127,170,-421,516,105,-48,423,-59,150,1191,837,254,-162,404,714,293,-476,582,358,-576,833,-7,603,287,-392,-89,-466,-102,-628,-1086,791,-146,-579,164,-112,-549
-439,4,148,234,428,24,-31,-404,-235,-450,-126,37,-167,229,778,299,61,519,452,-107,-367,-206,273,197,-553,-390,79,-312,1,-85,-307,511,-242,161,216,249,-167,-562,35,-738,849,135,38,10,-66,368,496,-526,499,57,-187,-263,-18,-244,318,-674,-883,-168,317,472,464,933,-485,46,68,-14,107,629,724,80,-303,-150,328,65,933,135,692,-512,-255,143,-66,436,-309,-454,-121,-426,-82,259,668,770,223,479,670,31,-246,13,73,-58,-312,-319
-70,-57,119,-46,316,88,-210,200,-389,206,-107,73,-253,-586,52,-284,-55,428,323,44,-704,411,-1230,-150,-149,549,-59,-398,331,241,-24,87,-149,439,281,-748,-684,-533,339,315,-206,293,-825,205,507,-300,125,-287,285,163,647,421,772,-384,-153,35,-573,670,502,315,-95,491,-523,447,489,-92,-14,-187,112,-212,349,-69,-165,113,116,3,-493,78,-218,957,150,397,260,-756,731,18,448,-277,-490,134,-35,-71,814,-269,75,144,-655,148,238,-326
-374,441,-224,423,-187,-142,-205,56,-1087,-512,-331,300,-342,308,-145,-272,86,365,-672,-574,53,270,-474,334,301,-89,-128,106,725,6,-11,339,175,502,-99,47,-764,233,465,388,-690,-223,-138,-11,164,178,506,-242,-997,-76,-175,97,120,-624,117,-435,-693,29,-1308,-141,-94,767,-163,208,-858,90,-864,-530,-549,-1057,-174,6,-713,-682,283,480,337,-64,777,351,1043,-756,361,280,-521,476,446,458,7,420,230,317,58,743,-685,82,-771,575,-45,-365
-744,95,-460,75,89,-308,-420,-119,97,-30,-372,-152,408,-114,-335,435,1000,377,-357,-470,249,-310,364,436,-114,-642,-172,306,215,24,666,206,-10,-285,24,-295,110,430,-254,589,-114,57,30,-69,-560,146,-174,-548,304,-90,45,-35,63,290,-1125,18,-243,180,-265,-143,510,564,-399,606,-62,13,281,533,-609,237,-85,172,283,-248,608,619,848,-78,-19,158,636,-372,276,-591,-370,-295,-94,-136,-983,190,235,28,310,212,-131,477,-289,115,540,-560
-60,-63,-228,-462,588,134,229,77,483,321,-323,-24,231,-499,-478,219,765,468,-497,-480,247,-232,-181,-70,-808,-163,-223,-274,-21,97,342,256,-1077,210,-53,923,127,-56,689,-431,-344,359,455,821,344,265,-665,-151,644,-65,-428,-465,515,-238,-296,-541,581,583,-207,-187,328,-133,132,640,-76,-271,317,675,-165,-405,-822,-127,474,-249,-12,769,-417,-336,-148,345,376,207,-182,191,383,492,-212,224,118,623,223,-21,493,-765,-104,596,-273,-188,376,-339
286,-444,-451,-170,542,-66,-87,381,-160,200,-518,-64,-553,269,-594,-335,-55,640,-205,-111,314,181,-622,67,855,84,244,82,398,-304,-174,829,579,34,172,-22,-240,-608,598,-33,908,-719,710,-712,-185,-12,-782,257,-41,-215,379,-224,-338,-450,-503,171,177,634,-50,-197,-508,68,1479,156,919,-519,180,-421,176,-980,542,391,-502,-135,72,-568,-421,176,-109,-332,-102,297,253,95,172,145,-21,-352,179,-261,447,827,97,804,90,-399,-855,79,-236,0
161,-421,164,-277,108,376,-27,-660,-142,-72,19,-91,-145,-139,-179,-9,-276,94,319,550,327,176,28,68,-808,-358,32,58,82,221,-397,203,-247,325,235,710,125,-311,116,-861,631,380,103,408,-344,-266,236,-431,642,102,-1367,-893,-354,129,-89,-559,-345,-127,331,423,-301,-78,137,-628,339,-174,748,-43,-346,581,125,406,775,48,-463,502,515,429,-295,107,-444,456,184,-366,111,44,-357,688,555,460,-484,-5,-178,-426,222,-910,443,824,-92,172
-171,-179,-279,103,467,100,-575,-373,-363,-130,323,-776,-788,248,549,309,-316,-393,458,-554,-346,-253,-541,448,-156,-224,736,-246,890,7,-864,269,-593,787,-628,722,27,-501,-455,623,306,-72,-659,-363,-140,-157,777,458,76,515,-372,-400,-638,-319,209,346,-371,-329,250,848,-109,225,-24,-539,-631,-314,124,182,395,205,138,-198,245,-434,-701,13,738,125,-1284,251,-121,-1135,-191,124,-160,-168,-262,-275,891,471,669,343,1060,795,50,-12,478,701,-66,634
66,427,369,-462,-122,392,63,29,342,523,-365,-266,252,-4,225,612,-96,-407,356,319,-592,51,-30,718,-54,-428,535,-59,-203,341,-164,-897,-802,-133,1071,-40,68,-363,551,-614,-745,692,198,164,418,-190,-737,-547,-149,460,-285,343,-252,52,-83,288,202,-584,38,-187,-350,16,867,-529,375,-436,-457,495,173,258,374,-274,461,753,517,277,22,662,353,-196,-534,239,-525,-980,15,-143,504,451,438,-269,-371,-116,530,-1,719,33,-557,-547,-135,-64
276,177,17,-121,58,-457,300,827,469,378,648,489,711,-511,10,-192,374,661,-327,43,738,-71,488,-436,207,447,236,-67,-89,-730,602,348,340,-314,-302,-275,18,35,20,-436,-453,-52,96,670,82,84,90,-213,343,-591,480,189,36,408,559,214,737,298,649,-116,95,80,-125,-77,289,905,-48,-584,649,189,144,-731,-761,-74,146,372,-616,-1118,-138,-186,498,-111,-1030,893,-52,374,-9,110,-349,-573,234,610,70,-403,416,1359,-400,-6,-250,160
-166,148,-84,229,-52,23,-465,-740,-459,-118,-522,-153,-526,662,396,-308,-371,-314,738,380,-613,443,140,558,-360,-335,-577,-66,-520,216,-328,-116,153,-285,-183,-68,-292,-466,-164,461,310,-281,492,-744,-7,-588,-431,224,40,-263,-468,804,-196,-130,399,-862,-483,-472,-102,-15,-107,472,163,780,-452,284,-752,621,-101,-267,174,795,437,8,29,71,530,418,-299,-43,346,-349,157,-283,-236,-114,431,46,374,-26,13,-301,-178,234,116,-639,-260,178,-323,-783
-413,447,18,80,-66,-85,40,-83,-75,23,-119,269,462,-222,-132,350,586,404,-755,-450,-455,385,39,-96,-295,-206,-353,-50,386,197,304,-175,-157,703,-53,26,-287,-257,57,-460,-391,-398,-223,453,368,472,-25,-371,-80,185,-47,-98,505,-90,-15,487,130,297,-662,-145,1237,298,122,351,-536,-295,-272,416,-439,-116,-630,-38,-226,-1056,28,582,712,-150,513,657,650,-114,73,71,87,-289,-501,-2,-420,443,303,-281,-330,44,-740,216,-170,179,621,-856
296,-110,489,562,64,-666,-504,-93,-469,-1021,-66,74,-725,362,386,42,-488,-457,1005,-538,-306,25,-398,55,116,357,511,-295,-11,-226,-800,63,142,-456,-128,-923,-704,175,372,647,531,-708,885,-1219,707,-158,-25,305,73,-200,-48,330,-54,-957,885,-39,-485,496,724,-191,92,144,-135,257,232,21,-440,508,286,-12,-195,-560,180,-204,-617,-1230,-287,-102,133,298,-276,713,-146,434,-607,34,-23,814,439,-1157,-401,600,-154,269,733,-56,478,232,-476,-309
860,-352,491,-441,542,-144,434,-120,573,806,-45,46,448,-705,-514,-165,375,248,-274,-149,236,702,-483,-269,104,1042,226,-633,-111,-384,-12,483,85,578,342,-154,-62,-840,108,87,24,-113,-206,172,1319,-378,-631,173,632,21,-301,-440,-105,-75,390,23,249,88,6,-149,376,-540,279,73,847,289,178,-201,-78,-522,158,435,-455,167,-1261,-183,-386,-645,-88,-90,190,-151,-723,595,-35,13,485,238,1735,-346,134,-295,-774,164,66,904,165,548,-435,35
0,-386,-267,-152,391,471,33,-38,-10,-81,13,-244,52,558,552,-3,-595,331,484,423,-94,-19,370,-104,772,-187,35,46,113,222,-9,105,235,-624,508,359,536,-103,-261,232,767,314,-334,-596,-1256,703,-274,-664,92,-91,226,40,-273,-127,-1252,-397,-106,351,130,-19,-1197,-188,-106,-226,328,313,595,-571,316,942,257,-676,162,444,563,161,-228,-669,24,-385,-256,656,-523,-78,350,-241,385,165,729,-111,230,94,996,-268,667,160,42,-175,-258,-313
656,10,342,231,73,-391,404,833,329,123,712,466,248,-812,-169,-526,510,492,11,-470,326,-133,-71,-336,189,141,482,793,563,-722,-490,-45,455,67,-789,-521,-509,343,1339,402,-305,193,434,-533,1011,203,-883,1048,-282,389,29,710,-323,-332,1568,547,341,628,735,-289,-182,762,680,95,551,-198,-671,-223,462,-149,146,-199,-869,-366,-27,-335,-540,-391,-658,-445,315,-240,-395,244,-323,424,-546,-115,-413,-670,-257,524,347,715,200,251,-136,51,724,-101
-425,-169,106,300,-431,-45,136,-374,-851,110,-618,-599,-318,420,419,35,-315,461,-183,-141,537,-25,-264,309,401,201,898,-553,460,678,619,-441,79,233,239,251,573,-373,-313,-344,62,-269,597,-48,-520,-359,298,17,128,-234,-330,-461,-142,-831,-986,-339,546,616,-234,255,89,-413,558,444,38,188,212,-937,260,513,-988,4,-160,-245,-342,152,-198,283,146,116,-395,-606,39,1097,308,203,-273,-370,652,-337,-16,530,-95,-394,-5,-151,-716,495,-43,111
96,292,69,-418,92,376,60,-53,66,308,-282,-87,358,-64,-120,202,61,80,-363,-85,-311,459,358,-17,-69,-303,229,323,-102,175,39,-103,294,-64,357,231,108,-119,-40,788,10,12,-17,390,214,47,-559,-651,377,133,-3,414,153,-637,292,106,114,841,-200,-1043,136,497,83,105,93,-422,-82,-710,-214,-220,-49,380,104,424,586,736,-87,-259,-711,364,337,739,12,-377,71,85,-116,-116,357,47,599,75,-141,-205,-359,-398,-75,-315,-352,-270
-307,104,92,-5,-167,-453,-110,-207,-139,-313,-61,220,154,-23,-197,176,-225,-622,-97,-525,287,630,224,269,-436,205,-237,-551,-519,-69,108,350,-59,357,-102,-40,-565,-684,381,-315,645,57,69,-49,-167,-934,-110,303,-5,-32,484,213,569,157,-227,5,-478,359,209,-90,681,-834,-357,-237,-327,553,510,659,393,403,-55,61,242,83,-799,-115,-328,-620,-63,491,415,-811,33,-187,-106,-207,145,-176,-110,172,-849,-434,-126,296,-384,-648,246,341,235,278
-220,119,347,-294,52,-96,-191,82,-407,-857,-49,111,-75,363,73,95,-373,-574,327,114,385,-599,-88,338,-665,-49,-135,-32,-574,-489,-545,110,-283,595,36,74,71,-382,686,-5,188,-81,-108,-406,-39,-542,401,179,431,-350,-724,-101,597,333,473,-114,-801,156,-664,1063,57,-672,-35,-215,68,-28,-115,960,-619,-118,-349,300,303,-227,-477,-157,740,-167,-321,-506,240,230,-93,-95,414,378,-162,727,254,4,-841,410,249,-245,-75,-519,-98,122,-155,738
-181,-441,-324,411,-25,177,291,-516,-336,-122,-76,-30,-753,77,73,-15,-523,-67,829,140,-21,426,-676,-274,-113,100,-5,-611,253,694,225,-10,-307,631,350,257,243,-614,-247,-160,298,-466,1,152,0,-72,610,89,99,-36,268,89,425,187,-88,-544,1,63,363,427,-35,-94,-26,-435,118,-62,228,-91,-3,135,-235,-304,458,-243,-749,85,-201,221,240,497,-44,50,-147,479,290,-211,-625,-745,158,1336,-227,-352,871,-606,239,-346,266,-81,-398,722
274,-619,-571,-112,579,304,9,146,-263,52,-234,-483,-37,217,-7,20,681,371,373,-395,247,-215,-244,-57,425,-63,475,294,502,271,-201,-676,463,-670,-894,32,579,-311,-374,960,-384,-527,497,-29,218,588,-497,391,606,167,-154,-9,-66,-338,370,65,224,535,-216,-156,108,268,265,1059,738,-1113,591,-270,-563,-107,228,-97,-513,-450,92,-177,1024,498,-595,147,-46,722,-614,810,-541,437,338,3,121,43,551,-100,153,1198,-227,633,19,153,615,196
-68,321,249,-72,77,153,2,-47,188,27,416,191,565,-454,138,626,58,405,5,355,-421,400,819,329,241,-52,-396,455,169,146,66,-115,-480,508,137,6,-267,701,-439,-471,-348,-376,481,-253,-77,184,54,-609,289,-623,-248,433,188,147,110,330,466,-702,494,111,27,229,598,-525,-788,-70,-547,-212,-1,128,-808,214,596,-445,330,259,-565,171,864,350,-440,-76,-735,222,336,-399,240,501,196,-136,41,180,-514,-186,-150,24,-34,120,639,-930
10,11,364,-89,-146,192,-304,-243,-24,148,-106,-517,333,180,380,546,150,410,138,168,-331,148,141,-602,252,-245,846,8,-183,934,681,-651,-358,-570,79,16,-234,-48,-73,13,312,385,-138,-84,168,446,-165,-984,982,-71,16,413,26,-834,-579,-146,395,-9,187,-527,-511,368,-43,630,1252,-88,259,-77,862,798,361,-739,123,773,291,1299,56,233,-498,365,-613,675,111,-858,1024,33,589,584,513,-213,-548,192,52,-220,393,-196,12,-228,-301,-755
-147,219,72,-491,-289,-266,106,916,622,-119,254,-10,-68,47,-348,106,83,-494,-825,47,882,-954,397,-172,-541,-71,-177,372,-568,-688,391,418,-502,408,193,-23,-265,131,428,-1164,148,505,170,129,-167,47,297,361,111,-305,286,-450,-186,-280,-223,562,387,-59,220,382,-31,-450,-216,581,248,172,355,266,227,407,-184,-492,-254,293,210,-162,-424,-808,-612,-361,-535,391,-878,-166,-191,217,-692,253,-529,-742,-305,-123,-540,-84,-111,-405,-116,-559,-91,744
-662,516,440,220,-55,-1140,-903,-38,55,-416,-402,330,28,732,643,31,-133,-519,816,-321,-370,-421,-211,1128,-414,2,-209,-317,91,45,243,-412,-241,93,803,-577,-589,-330,-211,22,391,172,-340,-629,106,-718,-643,13,-205,-572,727,615,364,442,-134,-56,75,-371,-340,1327,265,-505,-497,825,-120,-60,215,897,148,-591,-38,-495,864,529,-537,357,775,-16,-361,-388,-63,-367,525,-1174,-19,-308,411,378,566,-351,-69,724,-239,-609,-327,844,337,153,278,633
-234,-138,-370,425,-643,-389,-624,-556,96,-5,85,35,-426,-405,-235,-128,-72,-229,-203,-317,394,343,55,-116,-853,185,-92,-187,-425,317,704,-146,-471,118,-117,551,-628,244,219,-463,288,321,466,60,-717,-606,399,-470,492,-557,310,-400,-228,-316,-437,682,150,350,229,-348,-272,202,-565,580,-350,313,1231,33,18,539,240,-97,240,356,-491,125,33,169,-459,52,-25,339,719,7,-83,403,-987,-81,225,-251,-536,97,-401,-237,257,124,628,537,-528,214
-152,512,16,-182,206,-203,136,399,287,185,326,23,-46,-183,-147,758,-227,541,-356,415,604,-458,1015,-77,65,70,104,210,-358,-221,148,652,-963,1,103,354,-35,744,-625,-116,-346,-220,366,412,463,520,144,-554,273,-760,91,189,579,-653,-152,172,136,-749,635,-134,187,149,240,-449,-281,337,103,202,174,-399,-680,-281,104,173,-244,297,746,43,618,152,-376,-656,-789,-278,261,430,-340,-641,-118,217,146,-314,29,-209,-532,743,-2,-634,243,-112
-51,-102,565,-311,373,-406,-196,377,461,-253,-29,289,102,-193,-618,384,107,-350,304,55,-111,-308,-432,671,293,292,-479,80,-125,-251,-462,171,215,13,678,-509,-432,-40,336,722,518,451,-28,-664,175,-108,-273,278,83,-213,-110,93,601,392,-88,129,-791,-225,-54,539,80,-202,-756,-115,279,1,511,912,-425,-21,120,-14,1102,560,-137,-140,-421,250,-491,176,-345,31,108,-839,-308,-686,940,260,195,291,-949,-162,-1024,-449,-346,246,234,-8,442,-164
239,-54,305,618,-137,-60,175,-351,-447,-560,41,236,-179,463,705,-280,-812,157,208,-652,-251,252,-606,-573,216,586,1090,-516,333,49,-636,-454,-205,45,116,8,325,342,-50,-82,878,193,-156,-546,217,-161,74,336,-471,-518,-233,537,-541,-815,-220,-415,267,224,155,-184,-263,305,423,-490,-42,424,58,-1268,608,-842,274,-467,-269,202,-336,-353,-708,-427,987,-213,146,-72,-343,648,-361,499,-340,-81,693,-1,890,-72,64,10,717,-540,-12,518,-812,81
-212,-18,326,393,-235,-186,-136,-132,-144,-1048,180,33,108,698,262,-66,295,-386,-268,-602,-322,-107,-511,-818,-739,-454,-69,-293,-47,238,-392,-380,-122,-512,-765,355,-52,-130,378,-213,697,466,-402,-407,-238,-46,230,593,-397,189,-795,23,42,299,-337,-572,136,366,-510,102,685,-483,-658,176,147,-205,272,326,-376,46,-100,89,333,52,104,113,138,-326,-44,-186,590,127,1186,97,13,235,133,510,-123,533,-464,-513,105,-422,43,-880,470,152,-225,-431
23,-202,367,206,-49,149,75,-705,-258,-13,-239,-211,288,-148,268,-48,-246,143,115,8,-627,441,-88,-138,120,773,-287,-201,-330,379,482,64,-263,561,103,24,-11,-8,-172,311,-231,-56,-568,-626,341,134,-285,-93,242,-44,-104,415,410,-495,122,-326,-393,13,38,-195,-93,-685,-755,409,-291,130,-845,598,281,350,-76,39,6,551,197,162,500,109,-458,41,-182,520,202,81,147,160,341,618,-93,159,-569,-794,-562,264,250,179,349,207,-889,-443
-360,130,197,883,-437,-138,-54,-198,-263,-185,-309,130,-262,-107,429,38,-525,227,116,-236,-547,10,-356,-188,25,14,-173,-269,217,336,-3,-743,-230,-158,166,-790,-125,643,-159,-533,586,-44,-105,-470,456,-111,-206,-458,-372,-401,423,511,246,534,-628,-26,128,277,486,-261,247,450,-65,82,26,107,-168,-99,173,-27,388,-607,-114,-230,402,-311,468,95,481,-86,37,124,869,-612,395,47,-426,-142,-362,-113,169,-154,-181,-511,208,-746,-382,-508,131,-377
409,-91,-301,-413,466,-112,-67,272,881,323,-183,-292,-183,62,-806,176,634,-70,-384,-201,210,-718,-166,-40,290,-238,255,501,-122,-360,-218,542,12,-150,463,387,271,55,212,244,-157,165,296,-100,610,834,-585,-199,468,-947,-734,-752,-347,59,658,15,580,382,-280,-402,227,252,124,-377,813,279,-14,-60,-557,-566,-271,-277,-255,27,-13,367,601,-28,-291,-259,-17,813,-539,144,-364,456,-102,-160,340,170,419,-133,-408,132,-140,260,-341,-304,23,701
141,-132,192,-129,516,2,-266,-154,-5,-461,-132,-408,-3,30,530,173,-257,-366,23,-356,195,-492,361,411,-81,553,-68,276,-336,-19,-442,34,-545,-11,-208,327,-144,350,-360,451,-584,-205,366,-581,-414,515,-360,440,-321,194,15,404,183,-635,-303,153,-113,-46,437,138,545,416,-318,-234,-578,123,482,26,403,189,-754,-154,320,408,47,-253,-577,-216,-283,-293,-210,-88,-378,752,-408,489,-115,576,622,-348,-111,555,-585,384,637,601,11,-51,-355,-399
266,-36,244,399,-158,-144,103,109,344,462,-144,51,-424,-798,-26,-386,61,59,44,536,-87,-165,-338,23,286,1044,153,-107,-619,-98,-189,-95,91,254,113,-1186,-221,412,283,385,-276,-100,763,-514,580,-625,87,699,469,146,861,214,-148,-408,194,111,131,193,213,-257,976,489,165,-148,55,888,-168,-179,695,-146,982,417,-205,189,79,-542,-26,177,554,-338,-569,-27,-24,-354,226,62,45,-642,240,-377,191,-391,55,-493,404,-611,122,140,-16,-107
-125,-32,421,-288,-28,80,-200,-461,34,369,-333,-366,148,-91,-232,-12,238,-82,-849,15,-183,196,-242,69,-338,187,-575,-151,552,443,65,39,-608,861,231,259,-112,-196,-167,-213,124,238,-498,19,-454,77,-181,-289,-65,981,-18,20,99,-718,-556,-116,185,-722,-617,375,314,103,-619,52,-351,-561,-109,250,-524,126,375,667,-8,-615,97,257,990,401,78,277,351,378,498,-267,330,-925,974,579,670,445,-285,-579,-227,206,-432,4,356,316,156,-103
-628,138,-233,569,-349,-338,-269,-194,-718,-617,-191,660,-408,342,142,-11,-208,203,638,-466,-382,339,-453,469,-253,-92,214,-709,270,250,667,-197,-301,198,240,-56,-659,-240,353,-89,149,308,28,90,133,-485,177,135,-302,64,543,136,183,-303,151,-318,-622,-159,-655,277,-588,261,152,315,-334,-38,-107,696,86,-159,52,-362,298,15,-54,-48,173,277,5,331,169,-356,317,-639,-466,-52,-30,-58,-175,26,-738,13,211,-323,167,-129,-23,437,-184,-369
-264,189,-443,-477,240,-338,-208,274,693,352,287,14,225,365,-64,254,695,145,234,389,-405,155,284,80,-21,-543,-481,427,-11,97,121,355,-402,161,259,538,20,-374,419,-914,-130,-885,146,1156,-619,274,-189,56,518,166,341,-455,590,288,177,228,1069,117,-831,-178,72,-556,484,364,-144,-476,-194,599,-20,112,-187,-666,718,688,84,648,381,-296,-470,208,7,214,-797,-390,335,-485,302,-266,-359,245,-374,202,184,138,-166,555,692,10,283,183
-76,74,-269,-48,-326,70,-9,155,-64,-100,211,230,388,-464,-221,155,-3,-391,-406,-132,431,-8,51,-97,-861,-243,-40,-168,340,-853,735,-434,-86,339,472,-327,904,235,-103,-498,-221,-124,-93,42,-249,299,678,-113,-8,-86,983,235,452,1063,21,799,-256,-255,-170,-18,642,-641,-216,-435,-383,-137,394,366,-533,-191,-212,-608,-421,-75,-509,-674,-404,-139,382,-443,890,152,-415,1193,-248,-22,-464,-339,-1192,-730,-45,-266,-309,-387,573,412,-521,-139,-606,174
-219,199,-226,250,83,30,-502,-668,-45,-387,76,213,153,17,651,115,253,0,296,-316,-228,-55,-12,314,-1153,-691,-73,336,238,528,-185,-572,-1165,95,-137,1184,278,716,153,-818,-397,188,17,614,-91,-301,583,-578,-431,-1129,-810,124,-228,648,-292,-103,529,392,-969,117,-86,389,-42,-369,-934,-389,-320,-21,-348,-492,-765,-622,479,-54,-117,403,249,464,334,-287,155,108,130,236,-55,369,-227,922,-363,812,-38,-321,521,-175,296,-134,-133,-677,-607,108
-145,-53,-190,-122,397,4,-529,-29,-13,-90,63,80,-71,-284,177,-264,467,249,177,-129,-594,233,-151,471,-274,195,-791,155,320,834,391,20,-545,391,-242,183,-801,71,-196,-111,-50,-128,-229,269,-117,-648,-332,-397,200,55,88,-298,-159,557,-189,356,-182,-265,-114,644,-210,451,391,411,-768,-863,-98,477,-495,-158,-554,112,-66,-380,130,169,-79,137,-338,677,-161,549,-28,540,471,-240,306,285,396,-147,-223,419,223,-284,-422,152,107,-765,476,-241
-128,105,-226,-191,-3,149,-76,-169,47,448,-471,-635,-707,597,173,123,-524,-431,-114,174,206,-625,294,590,50,-336,-164,-187,353,413,193,92,-454,148,384,851,-19,-324,-1107,-455,-319,163,-354,-72,-48,172,-107,-53,-638,-42,-28,-1053,-555,-65,-619,241,322,-482,-34,-35,-506,-68,428,-587,-224,-19,120,-349,71,-11,-341,-214,-393,-485,140,-264,-121,183,-581,-251,-552,-208,103,8,66,-735,-242,-287,727,-156,535,382,489,-159,426,101,11,-288,240,725
-434,805,147,195,-804,-354,-516,250,-158,-75,154,-327,30,174,77,156,-140,-681,-664,-613,-292,458,-159,2,-111,-391,-50,359,308,-8,-339,-524,258,471,290,289,-478,397,498,255,-295,258,32,-214,-232,-164,261,-382,-700,476,-38,345,-245,454,-214,562,757,297,592,46,222,729,-456,-382,-599,218,-56,-74,-133,-278,-92,-113,-86,327,719,785,-494,8,-86,-219,977,-15,223,-128,610,63,6,-474,-27,-527,676,1768,-265,-201,504,-653,-447,966,515,-450
-219,492,-163,-208,-588,153,184,479,242,360,-54,372,-100,236,-370,301,87,-144,-134,27,-210,251,-2,-21,-247,-575,111,-457,-407,-224,402,-670,-119,120,552,367,-54,-529,453,-541,92,556,561,442,428,-360,118,-581,459,102,731,-302,-270,-521,192,325,582,-629,-552,381,-512,113,544,365,806,-345,276,-185,-116,-366,684,-134,-180,13,-88,464,270,220,164,-140,333,279,-106,-845,-366,283,-146,-57,228,-59,323,104,80,-427,-192,8,-291,-58,147,376
69,346,742,296,-489,-38,262,56,-329,170,443,119,629,-219,917,-34,-56,-171,707,-21,-645,818,-227,-92,-15,22,791,-245,503,-64,28,-898,518,833,-248,-396,261,-69,507,172,-319,-17,110,-217,723,-465,525,-61,-214,623,-99,1121,-39,-220,-69,80,308,212,323,129,486,-136,153,-227,386,-472,-177,-468,281,575,133,98,-463,709,-532,588,-327,-55,-871,23,-226,7,-475,-276,273,19,916,1069,-15,-423,-116,61,472,591,811,-212,-138,388,386,-435
-409,119,182,70,-177,180,-274,-58,-688,-443,121,-744,-615,292,513,486,-609,-110,146,288,591,-862,540,298,-72,-767,544,16,-368,244,-207,-73,-285,-139,-252,38,205,-196,-585,163,192,463,405,-39,72,551,892,-201,340,-573,-1245,255,-345,-329,-608,239,-22,-10,1128,867,-186,656,-442,81,310,-200,153,269,821,1039,-328,-225,-278,-57,158,192,185,-291,104,-232,-173,-347,-45,-20,-306,-231,-1185,-79,-326,61,-174,449,584,-120,-353,-180,-539,-322,-278,-3
430,-231,348,70,-196,-50,163,215,-6,166,754,411,297,-336,-143,-700,-253,657,675,626,-229,436,-539,-679,51,-114,169,354,397,-232,-285,-217,122,-24,85,-184,466,550,622,83,327,491,-259,216,53,-592,-344,571,-255,-2,-258,509,118,186,-22,-274,402,24,749,508,-515,-251,-107,253,178,-245,208,-201,-131,116,583,-138,319,497,-101,423,-137,-15,35,-283,360,-293,-390,-277,610,393,90,-194,-364,281,30,106,532,-299,309,-147,272,670,-329,-603
308,-417,-167,-369,258,206,103,899,-7,-120,310,455,-142,-218,-1093,147,8,557,-254,241,185,-75,-356,-12,418,94,-72,117,168,-793,53,302,608,-361,-150,83,-80,-298,12,107,540,356,-342,-83,131,402,-56,543,312,-20,387,-451,606,240,147,206,-277,-197,386,473,-775,-534,240,-289,124,-256,-217,-99,-482,-19,347,207,-3,139,241,-575,224,494,-556,-182,217,812,-95,-54,-472,29,694,-557,16,-350,-8,-382,-245,223,-464,220,454,236,4,-523
-618,790,-57,264,99,-671,-978,-204,-421,-716,-503,302,92,271,732,-220,445,-188,-47,-478,-70,-47,24,400,-825,124,29,-69,149,757,417,44,-60,-153,-282,-297,-1029,134,60,359,-300,-602,-58,-122,-360,-608,389,-1296,291,104,573,349,167,83,-76,-234,-578,333,-449,-178,932,126,308,440,-634,532,25,-442,-405,-412,-718,295,405,-137,305,1157,343,-415,-65,161,642,-1038,634,46,35,566,251,280,-151,-327,592,565,686,-507,-204,169,-174,-286,333,-226
-181,-259,-513,20,-142,371,337,368,-297,-75,52,28,-663,114,81,-416,-47,196,324,588,562,-243,351,-8,-68,-74,-598,416,-541,15,-239,-175,241,-389,-323,162,263,-110,552,63,-123,-1,1126,526,-452,-55,697,637,516,189,231,321,-73,-323,331,-149,-280,427,-19,358,-1230,824,60,362,-206,377,-182,-216,-42,417,306,677,422,-239,308,-248,-264,-112,331,17,72,18,-208,-242,-261,81,-353,-711,-280,-74,52,139,229,10,-478,-271,243,-427,382,9
-309,-223,-511,561,-111,-411,-777,-363,-19,-394,-215,-27,-444,-231,64,54,95,-7,12,-534,217,-221,214,375,-206,204,48,143,97,460,311,-24,-543,-502,-148,-527,-661,393,-24,-472,864,-368,465,-610,-701,-70,-212,-274,834,-275,1047,255,63,477,125,668,-441,185,373,-382,-44,625,269,283,-543,-88,455,729,40,141,346,-47,64,-463,307,-929,396,57,65,92,-81,163,48,-43,-211,-341,-284,-321,-63,-827,-409,61,157,97,169,326,264,-136,-518,-126
-541,6,-159,282,9,233,-281,-544,-844,-219,-463,-690,-125,278,278,643,-324,450,-160,-747,146,418,4,150,-265,-222,272,-324,308,385,48,-241,-455,-162,-141,880,163,-60,-513,526,464,-460,767,-235,-30,-257,-28,-72,627,-126,-548,-92,344,-221,-388,-1197,268,232,153,239,133,678,-545,716,112,-384,117,-102,530,-198,-797,70,308,222,90,996,575,702,-912,612,207,-242,667,-242,913,616,126,-387,865,-424,729,779,-140,-77,66,-369,-881,543,-56,-520
409,-213,293,-431,193,905,285,-520,-336,313,120,-537,423,-503,190,372,-405,115,-199,167,-25,-6,619,-75,92,-271,671,-55,-70,-203,-399,189,-488,300,-407,19,419,48,-535,243,174,-348,-331,176,310,-64,-185,-107,315,951,-693,-33,-345,-52,277,179,-422,-560,13,-218,-460,-236,889,-691,49,-791,-28,425,307,122,44,228,-539,-300,-271,-359,-177,663,362,274,-463,113,-553,652,357,-413,-817,501,434,-288,-538,-83,308,-34,-491,-1,-671,-393,-928,129
58,-250,-228,-29,68,-206,-199,85,-110,-419,-280,-7,-73,310,-518,54,58,-487,-473,-694,596,74,-306,-555,42,494,-489,339,42,-426,-506,-2,686,-417,-118,-229,-262,-158,-223,916,472,-574,-92,-451,53,347,297,524,522,179,286,-179,-117,-444,350,-42,-338,573,-804,-327,-108,-243,-873,520,102,199,282,-727,-1056,-726,271,191,-93,-82,219,-393,-7,-233,-406,115,572,12,590,21,-216,-138,172,-242,584,-142,89,5,-408,245,-244,-575,232,305,114,428
-57,-90,-97,38,444,-290,-395,196,263,-260,222,-317,-192,408,528,133,505,158,561,-210,-791,-163,-859,-172,274,153,406,-193,-414,228,-716,353,-11,-540,-304,639,111,-577,772,-207,347,-186,261,-33,-99,329,-5,-445,1107,-380,-119,-414,182,-367,516,-482,720,770,322,572,504,-144,-566,528,569,182,-668,264,250,89,-314,-218,312,336,305,-211,128,-527,-279,-50,569,682,-89,331,-43,810,486,709,-97,112,-571,32,262,491,327,719,78,-18,22,-107
-114,297,346,198,-500,-298,-316,-104,193,425,189,-113,-227,-740,-429,289,123,-608,596,-96,-379,420,-251,1230,-8,-413,-19,101,804,396,48,-80,109,481,697,-320,-613,581,-76,744,-665,739,-33,-239,451,-1168,-223,-348,-402,282,-136,-401,79,462,783,324,-222,-481,723,-25,-65,383,334,-710,-161,-745,-818,437,-488,370,-665,492,108,-268,-315,-685,-935,360,-585,439,-348,-413,329,-532,69,254,216,-35,-139,-718,-136,183,211,-375,551,65,-43,134,1018,-243
386,268,155,-571,-16,-190,-202,95,504,50,502,-237,215,504,-234,265,-454,-750,-522,-640,359,-148,812,-243,-80,-542,256,199,-206,-868,-689,984,-26,-155,-124,730,-397,-500,-453,-8,644,-134,-928,327,-384,53,35,385,-248,-254,-445,-302,-593,90,208,740,382,-419,444,151,-294,-73,66,163,569,-140,-35,229,731,-782,321,-496,-181,197,-401,304,666,-1141,-719,-12,323,300,-569,-97,320,408,-122,494,808,-658,205,625,-47,382,560,-145,208,-411,-117,818
-198,975,411,302,-1076,-290,-191,-62,-340,159,-104,-38,-149,517,467,-119,-565,-797,-508,238,-440,186,287,445,61,-87,180,-270,-451,-270,-56,-563,362,363,636,-388,-39,452,-734,-211,-80,184,-85,-84,121,-439,191,124,-922,-75,381,545,-425,9,-187,846,66,-561,-290,-383,385,271,186,-455,-695,11,248,-425,-106,-578,338,143,-426,392,-13,-487,-557,186,831,-921,513,-1084,-495,-433,-288,116,-325,170,282,-688,463,338,-156,-61,379,-349,-686,312,-445,-271
-269,892,182,-292,-614,-96,35,821,-246,-163,393,7,-185,492,-27,-160,-348,-216,-678,359,171,-685,553,-387,-67,-1076,386,828,-229,-463,-257,333,386,154,72,-167,-398,134,147,360,9,321,-502,482,344,344,345,641,-642,-32,-444,979,67,-394,335,789,112,768,343,-228,-281,405,365,-378,-28,199,236,-496,-368,115,-718,-41,-414,-440,147,879,-213,-734,509,-281,510,-244,-46,-763,268,53,-907,-397,-813,154,96,208,364,-641,-953,-606,6,-130,442,377
-154,277,388,310,-489,41,-82,-278,8,90,299,204,266,-677,164,520,-95,-43,-85,269,-290,810,68,-179,-94,640,5,-543,-690,135,117,-405,-71,295,171,-423,-579,-5,265,-30,-222,316,-26,62,63,-217,1044,-738,262,431,-36,614,94,-74,339,-246,-199,-635,185,-116,30,327,-580,-486,-756,973,-451,187,60,602,-70,227,479,629,-324,330,-77,694,-82,-493,-339,-14,399,-51,685,-190,-303,480,221,-553,96,-138,-202,-526,-63,-239,-143,540,-225,-432
-167,505,-39,245,-264,-582,-233,228,628,469,-47,-152,14,-310,-98,478,-7,-501,-114,-274,-388,375,330,179,987,665,-522,-75,-1009,17,-85,312,708,-271,653,-809,-526,-174,-368,399,136,-302,229,-43,490,381,-725,-716,592,-117,790,247,38,29,308,496,450,29,531,-289,542,404,-560,-171,0,487,265,578,502,-374,549,-483,-198,608,230,-57,-305,-272,-223,117,454,185,83,-846,-127,12,149,-41,-426,-628,-58,1049,-85,88,499,576,-453,-447,1155,258
338,206,396,-97,-234,-194,-224,135,93,178,348,504,373,-205,226,-877,-279,-114,476,410,-165,125,-567,159,-823,-21,-42,402,699,-335,-219,-672,-166,430,443,28,-154,737,484,-259,-635,793,-425,-24,161,-475,-477,180,-714,136,53,544,-198,809,139,-293,146,-389,576,559,-425,-469,-46,335,-59,-249,287,-526,-165,-886,651,-609,338,1076,-426,263,-171,61,-305,-1186,475,-268,455,-443,775,861,209,267,-353,-509,-78,-281,-389,-657,937,108,142,318,-159,-396
-205,238,319,379,7,-288,443,-463,-158,-414,-973,687,-3,96,226,-264,299,-52,278,-250,-98,-41,235,423,-176,880,-558,-347,-698,546,222,331,331,-95,262,-548,-692,-337,109,-137,-576,-469,205,-186,640,-368,222,-372,-501,282,-58,110,113,-851,772,-220,-911,94,-404,-551,433,280,385,-260,-250,679,-587,596,-1085,-485,-231,996,97,-947,299,-384,95,99,267,279,-466,36,160,-326,-993,-246,135,622,-298,-24,-209,-85,-98,-211,218,-555,-280,-422,327,-45
154,-569,-529,-195,175,-286,-570,135,46,7,94,-177,-197,-47,-1161,200,-133,-335,163,-543,317,421,-611,90,562,-597,110,128,804,-545,-334,288,282,-7,340,-621,138,-123,-10,712,915,-45,-90,-300,-175,-489,-533,595,186,-651,12,-91,71,1056,-253,-72,267,458,3,427,182,-631,-320,-203,37,-124,435,160,-87,-297,138,-461,158,-257,-107,-709,112,-180,-267,53,457,320,-678,-97,577,-238,319,-823,216,306,-266,554,493,545,222,240,35,421,114,-157
608,-451,-18,285,325,97,65,-505,499,77,469,231,-54,-463,-67,-804,150,71,265,-343,-1004,933,-468,-119,604,536,-373,91,-131,364,-286,1154,114,472,267,165,-603,177,615,316,607,475,-509,212,129,-215,-444,511,-340,-19,-77,632,-248,48,657,68,-159,-196,398,-28,-684,421,-399,-110,-260,-327,-636,155,623,209,461,6,223,21,49,221,-878,-581,610,762,137,454,-359,150,-314,613,112,-271,417,508,435,-641,-296,549,503,-44,749,-94,-5,-431
-205,846,270,-30,-914,-603,-821,414,99,12,643,198,-142,-237,-284,141,-552,-649,179,486,79,32,229,453,-500,-1228,14,441,66,-635,-282,51,60,-48,961,-549,-242,975,-64,-61,587,306,-106,-84,-438,-1091,166,-998,-46,-461,-5,255,376,1008,426,701,-545,-695,808,503,-562,60,8,-738,-318,14,142,142,-433,-61,-454,233,53,577,-652,61,-104,551,441,-656,1086,117,-194,-431,536,552,-182,347,-677,-1226,-332,270,416,-668,-152,-255,-84,59,319,-1004