-749727,262420,-589729,-989989,-1441796,-255673,22324,333112,-771853,-948643,762963,-1180174,-459769,865963,-2012971,-584341,1327155,-1165600,574533,956989,329715,844200,68691,934010,-59497,97353,-786322,350947,-125945,-268250,725010,-1735975,115485,-755297,-1638985,-80969,-263661,-1124370,-974599,-511897,-1033168,963520,-742187,-25452,28183,152066,-487204,364019,295239,-1251038,-791124,300753,-1437645,-549451,772534,391985,118810,464546,1068922,1151556,-286718,1404112,223786,-168356,170290,-205505,60744,1043796,286848,-524627,-1412346,450872,-998845,1401241,-1583133,113011,237021,805267,-833736,273096
16922,-658281,-404625,-542612,382133,-346586,-392903,-853168,-235288,-1048231,174420,370578,-668632,640279,-683085,-979252,214363,756805,-602331,-124697,-8046,1026342,925489,-215299,-243510,826141,-1213963,-674030,-237964,-555884,792720,1070965,212563,-1114046,-58795,-517587,-641727,321251,-101872,-75332,-609350,-473521,587848,-230989,-1662150,-269473,-288550,1108164,-499602,957358,1113518,-734525,-298116,-126443,1803889,618031,-206026,-594940,665067,115905,-322299,362387,552175,-98047,-31220,-875591,1213008,2463601,63600,903192,1004487,567680,-388377,-221152,156270,-868095,1262256,-1048691,-746554,-418247
-363277,365995,-838753,181191,-1017216,366491,570896,533944,1337019,-1359536,527974,-965182,45014,868944,-2814173,48410,487191,468734,-1187402,719521,99188,-50036,-1156059,-565489,606711,1074172,-1271375,-637196,-629058,-347566,-354822,-540066,189111,-580583,-666756,341620,-467516,1461431,-1214468,-355169,-208307,1197479,-968490,-1476459,797357,-91531,37957,306402,-241352,29452,617774,451454,-314164,1134258,-865172,-960584,-578436,-201581,1730628,1084412,-369376,-1042223,-846125,-430680,-1497444,-64618,-1165643,369809,-242935,1309776,-681380,-1343204,-761117,821328,-155837,-245492,-275519,-204834,-129360,296237
-1219983,55265,256917,3199,-87138,-1641851,-686605,763879,-1749993,-547463,-930186,-116410,-567041,-276583,1151721,-794929,-2248325,-1484785,1311505,421928,1161533,855303,798398,-787158,-1023051,-1172500,1223616,350234,2248155,-1216203,928011,-859022,469412,517950,-891114,-126247,279166,-1636856,376964,471213,-112049,-149036,1270104,1435027,-1286856,-1396100,-959449,-238463,1879185,-2146259,-318773,-152779,469709,-557658,1097851,1116470,60949,378816,784225,132526,-42547,1019392,350422,-122598,1644237,1531175,-643013,145822,1240359,-765924,-428458,1550056,-303713,-81769,-1695820,551478,-163086,654122,294110,517807
220096,-621587,-386999,-361291,698544,1354328,-330679,-328694,-23415,963795,-52558,-988287,812654,857884,-808995,-151515,711083,694965,328711,419069,-1187133,-500870,1318434,884577,-675634,1596515,1041138,-33096,-62853,-326203,1124813,-919334,490672,-294070,573119,-840899,1190494,-2183164,-966449,-1219309,1255330,-1418236,696859,-751506,1796376,-104309,-192374,-312403,487428,-461617,200956,-1240024,-543368,1226136,110723,-1922300,-907001,826702,403047,-325010,241729,-440415,-743504,158716,547382,839834,1170908,1175713,586358,-967780,130062,316340,11923,1334006,-460200,-583062,1535924,-100026,-643836,-2132086
-1410754,-1841536,1529790,-530411,-1133098,-148003,619498,-347569,-545201,639425,-721420,129166,-1486788,-733862,-330532,1111804,1547441,1006004,-32580,234232,809587,156967,658458,314309,-1019484,-1679330,2101081,-762215,-742624,691940,-108153,-43551,63981,-1604010,828765,2013145,332179,904459,-233468,-2685608,-175996,-661866,-316399,-49217,-264078,-328648,228674,762346,-758088,128541,69416,-1311147,195977,-430159,-1849063,1274391,542487,1565876,732522,-240494,512302,1298065,-1819107,-291309,-2069452,638131,1933708,-1520137,-903083,1180849,-1301675,1298365,156635,-1463866,1411653,-28550,508255,1221525,-836760,-1192833
113050,-590182,149107,102988,339008,-1366516,230109,-2049641,-1074173,449869,-971432,1554567,672350,778032,-125258,1416641,-251531,-1460135,-1456729,-1281221,-277620,-571519,-35154,11664,-29778,1406355,662301,-473162,-518441,-875695,320679,-330826,1873275,-1340643,384560,211165,-262861,906296,-494170,-549495,276537,-298891,-665040,35257,-341259,1704434,-467917,1091635,-642576,-475600,837615,-1387255,-2002447,-634091,-251578,163855,564833,1043054,1009335,-1150087,217080,1297507,689100,624946,1357342,242078,1665844,1469098,1346918,1036108,-960260,357030,-368242,-713356,850073,-559410,1303427,413107,-935738,-806796
2367899,1039518,-1296371,606360,374973,60353,-211336,-537389,2133044,704844,-1167987,1086023,-466209,222163,1398803,695547,-777910,-183722,-719086,-2202712,-1287214,-1528749,-534489,-656918,1192830,1163842,-1123203,59249,588824,-265050,-342239,-30605,-870435,-238715,-1194140,-1242485,1632414,1576255,845311,971346,150034,-483671,627329,967051,-1530636,-160215,-151129,452942,-914291,1797313,315403,-1797312,-308445,970062,780660,422902,707896,564332,-866119,-2054594,495689,-1284613,936174,246352,796766,92147,-373764,340228,1383489,-655304,1027284,-166414,-580595,-240554,2525499,-313144,1040533,-815921,665462,-481059
1504668,377161,-469552,-761583,-700335,904866,-1246541,314018,777092,1808298,-653541,1026799,157030,1489692,742658,1626377,137191,-1016616,964171,-959247,-1370883,-2364434,57878,1245643,517597,345365,-919286,876483,236385,-334813,-467661,-1420965,-1782338,1282170,-1830598,-1271953,938028,679681,-278653,614513,-1292796,1338515,465,133164,181960,32924,151687,-674887,-1401356,2184562,-1002025,349771,-1552285,-1701841,494743,-1244892,-248523,1104153,-866453,-182685,-38451,-484970,169018,-471718,1613396,1333495,-141950,-673640,1393464,-1772874,-1121335,240284,152890,1308074,-498205,158443,191289,517598,-248389,-738612
-1487634,-647185,140212,2032996,-423002,-1156970,1825537,109252,961300,610431,-639621,-105675,839421,774852,-1354716,139122,-1612127,-1749889,278059,891562,1441007,831479,-880052,-1557623,-920849,-380988,-1134784,-356798,509497,-593889,-389187,-701131,741651,1059304,22691,1227480,-607694,1129944,-966457,502852,264938,-1509220,-1594170,-278667,-435735,-41509,-253329,-677459,-537962,-657822,217883,2128060,1044117,-1280701,-2632230,1272265,614594,100713,266153,320914,339278,-479642,-1058632,60601,-1215202,391808,-1007707,-944249,954394,201483,-1806954,-1201371,269059,658425,169851,968923,-857208,381463,647096,-804679
749956,-71788,1228948,209971,1640459,335085,-370441,-528741,-861710,285719,1088530,1502752,1757143,170327,843157,625277,-796742,21320,-344641,-1674613,-102997,-1300857,-828970,-1162480,453680,313366,447291,634611,-592014,1542238,-511151,1762896,-14320,321599,-619823,1092035,-432590,1375013,991111,1818197,887135,-253115,849330,219424,1370537,-5332,-472356,-1365129,-1339921,1269664,985627,170017,1308819,-636127,-959728,870209,10225,667444,-1680835,-314392,233023,1675466,754198,-723252,-220995,-42521,-689721,-1106121,-127927,-68681,1941823,485653,521206,432853,1362418,-225857,-827937,539939,1188689,1228275
-871130,-1589516,869471,238765,74398,-81937,1050276,-430449,756873,1648218,220528,835574,631753,1362680,141673,-1094024,-329152,492182,-190679,-17598,945480,43334,1155689,-610640,-1648371,-397527,-291795,-184029,-668357,-1022226,-204191,-328674,550084,-84688,2324230,860932,-643108,-810542,307247,-464873,628027,-1330027,1577611,-156812,-324407,356826,-80431,431981,249306,386415,672577,353887,1139815,-686999,-1622981,-324120,-535674,450085,500253,-208239,632606,-212285,-1743919,-294232,-1525521,653491,2638234,982957,-171632,33102,-1285711,-762393,483306,378729,951067,1118267,363887,12435,-1293468,268680
400294,283336,535251,-544801,654319,1284560,-704202,296432,-1262380,-17807,144357,-1117564,-346429,-1001764,695640,111492,1250961,1911367,302239,-86615,-2076507,-295846,1115704,1241608,129892,95309,2144524,-240065,-1144645,1016463,525323,496551,-74508,735882,316170,-1098371,-630044,-1362807,1133643,-1032166,198293,1246005,657931,-394438,2021241,309536,-490782,20848,122724,-918504,-536058,-1026837,297773,939143,646359,-1051128,-221791,-517679,9801,742480,-708971,265786,-17548,655840,200669,380025,-107629,-1229316,-1390418,-1125867,1739471,1082631,-424913,-100415,-721258,-1011359,193120,437079,-152625,903752
-1456286,533253,-802056,1402203,-338492,43264,63211,1158300,-295323,-868545,802942,164436,-1804227,-1723590,57831,-1840112,-241216,427059,205284,1520507,-1198514,787806,-1448970,178196,379747,-474450,213461,398686,-1351728,-703276,1560933,-1277044,373105,404085,2874432,611355,-1236999,776789,-1246263,-1186284,-11763,137287,273723,-641963,-442298,709931,791749,1298622,-402643,-545886,-1222245,1595989,1388252,648445,725399,633279,189511,-464585,-965220,1202447,-124801,302804,1052055,816818,-1308542,1218831,1212452,-341132,-1453641,-596391,-801914,-1135780,-36982,21871,-726861,74201,-1145331,484805,-968223,877580
249985,-1827177,1497872,337498,662269,-914704,-137854,-1104887,-587670,1910265,-2463715,1166689,835653,942745,999290,1630135,-560044,-764169,1177830,-769966,1239221,1117880,1106481,208998,-644625,-1969692,-1059268,-652406,2495165,-702105,-248880,618449,110646,-473615,-114331,389104,-325838,-287935,-108219,1580970,168729,-1121786,-235615,861151,1245839,1260813,-1343088,-1406509,694914,-796124,176404,-373246,-6744,-786329,-1354923,467665,446728,-1035194,50039,-135865,-796740,366949,-770977,-802259,1324133,-134977,-656401,948269,1495413,1395734,-694555,1685011,-198838,-1853179,-160199,-85688,-134953,-152458,464053,-730507
625847,-143138,244288,-375874,188159,-886334,382089,-814840,349294,-511820,-1265148,-1206089,235312,741550,-570954,480475,204289,-280867,-1126598,-1446815,485629,279342,-130628,-575759,191678,839359,-371526,-1604326,623442,774429,-123431,-125926,861758,-570113,-1819964,-514204,453942,-567410,449229,499834,-348903,738250,-125282,721439,-1063967,159066,725122,941216,215804,-310931,177875,-956662,-1566023,171796,-1280272,-216358,841340,-1008418,1003025,69007,288377,-458480,460336,-1008497,464629,-724840,-1388724,1114484,744492,238707,1076208,590079,-1860216,-991694,611901,-1385756,104631,-937203,468170,-2428262
-676898,-1415508,-300917,1197564,-1260406,392719,1153057,-686866,-52538,1142451,-537763,-920090,-171923,735524,-961032,-83965,-294323,-366797,2644347,-491594,842112,699196,-500557,-1427760,-377227,-1179997,-335128,649419,664662,-1432004,268145,-282029,-650591,750065,1090267,286834,-1010905,-66026,-1922711,1281340,805427,-490835,556354,-1283097,874179,457700,-573206,-346991,-6541,-755515,870054,1177221,1136958,-547874,-1398251,-1447515,-631778,41469,-170486,-167084,-797064,524959,-752168,-122980,736661,502514,-1034554,621573,742421,-391430,-2206131,-870837,93427,106712,-121065,-778095,-285900,1224520,-814839,1482488
191495,-808013,435558,-1091908,665859,319231,-742269,-2611992,-263886,-1715035,489138,2823629,-636502,835754,-1226049,-1629704,-532999,1397725,836763,118165,1306138,736521,-492631,-955661,858848,-313496,-112055,-646826,-1368807,1127701,-554205,-557375,350923,-1372607,-272489,-646958,-275555,831470,2122676,-62708,-1014381,344000,2002056,544286,-209535,1525936,-1495497,-703451,-929788,24040,-61805,-2618650,-947327,1147115,-230355,-1176550,989495,909301,-649457,-352468,-516296,1349694,650350,-1581168,213880,-1101985,2388165,980002,-2030217,-27698,-262734,1931505,-1058531,-135694,611284,-567425,479593,-253418,-951925,-128538
935066,168522,248981,1305717,1321950,-1036310,-1302341,-132467,-340190,764903,-2624487,2688695,-614289,840888,936693,73312,-1325804,787132,724008,-141959,1096339,-845791,874311,1290323,480362,-1493583,167405,-2012613,1232575,-1300485,138328,1104411,-830766,2426508,409940,-924529,-62629,-111811,1512596,-566399,-380715,190358,618062,605005,632962,2425458,-1797929,-862269,-271188,-1559677,796852,-480114,1601508,32191,178236,-360318,1424203,-2329231,-436498,-351692,-596038,-118328,694458,50957,2479071,676958,-357316,92683,-436943,-197351,-1160343,472816,284733,210249,-1139776,-135055,378598,-1095736,1886713,145441
-22519,354043,-1942361,2256506,-259658,-511578,1170871,-799796,395779,800819,-1533402,-1748604,-1461327,-331640,-461009,-322335,-1090607,-2377296,997124,5229,-917508,124337,-341822,-1137059,-457379,-290340,-41166,-1230289,1303969,-1965288,533656,-384380,-1334728,-460272,1043912,1685584,-186053,91080,8627,921686,332440,-356575,-987318,-1167951,-220945,1027830,-950832,-118249,-429970,492185,389900,1267289,1371147,-1186709,160602,763857,877790,-903549,5330,-271070,1423620,-24041,-210527,634077,-467936,1526100,218182,56461,1580319,-2207420,-1521975,-1083508,-507938,473704,1499061,-114044,982181,-678060,191540,-889836
-480556,-350319,-296678,256679,-1025868,-1114694,-900234,-1153358,-1541353,-1118870,325601,1206012,-1168001,-76006,-1412281,958805,300558,-500126,120349,-607209,-11234,623824,-1104509,1013350,-80172,-1300281,1424304,-224755,44709,104932,347346,295122,-190159,280122,152511,976818,-603462,631596,-728031,427937,-625388,824706,-414921,-33844,759054,-510058,-1105148,-603931,-647447,225208,-1798,802089,-468370,-1526920,176049,-48605,-365962,647462,-917337,-1522252,-553744,503757,233047,-379444,79714,1845931,714179,-2091699,438465,332186,-2614093,-661238,590858,-1434070,-896447,-1173635,-401973,-353028,-31774,308462
-609529,36065,-616495,98123,557775,152818,-245114,-1414110,-2714916,-504093,1962390,-55694,-793323,-1151920,-1186186,3093,1798858,-53633,540462,952884,-766809,499062,-718235,1720597,862561,-221585,2194843,164591,-1455840,1308088,651971,566671,-207459,-561181,614813,1332079,-1386352,-476185,42199,223010,1849818,-444288,710945,-1586902,1769726,-314958,-1090561,-1189739,729225,-665625,-191364,-673633,31329,-1531026,303800,-1198224,781207,690734,-1769149,-862518,354606,990060,-608147,-6786,-332862,1061914,625117,-865926,-710188,-1658282,-1088383,297691,709642,99166,-1920458,-1516001,64878,1823121,-2037807,-230688
-631036,-194599,1166454,-1642495,-436403,761389,-207960,1098371,561761,-330522,1351737,598941,583139,437870,-459767,-556688,1121460,599624,501726,902271,1678425,85436,-45430,372716,-446104,-1060806,-153612,638979,-1035795,1707635,-1197745,-919572,-338624,-397504,-478438,93834,1339009,-618100,225234,-1419576,-824899,68063,561919,369231,-177746,-4985,359478,-634862,-167936,-311505,-875965,-692270,-789439,1187175,-212994,229244,-1030189,964281,-649740,615394,-953902,828060,492578,-940461,-791294,-354777,-300030,-631027,-1616525,970846,97672,585673,315357,371958,-637616,1277301,-208365,374846,-157771,596253
-356633,992867,496440,-511957,-826947,-590172,976611,-364725,277633,-503735,1356030,295379,974673,853364,-432844,-1476928,-39688,250735,-519128,-1125532,38669,-1352689,-939481,33711,-74713,-464378,-192693,-342076,-1161099,267253,-1607706,21352,-236497,1376602,-349449,470124,-975421,349047,-42031,551028,-215468,1421142,119530,-49131,310364,1261213,1251137,982232,259507,1642530,597088,-144443,-1187984,-617853,-397140,-123578,990427,58609,368449,-1114192,706301,1140118,875218,246222,57405,-930006,-1599444,-1608889,-858316,-821378,-25181,-236066,71905,1800054,-400240,863903,-920607,1157797,-746846,185542
611085,549215,503200,-152929,-303423,-1637815,-249678,759287,42715,-540103,-1222717,1189802,-987175,796578,473844,-164467,-882080,245076,-232883,-673189,238360,737521,387693,338463,-1017926,256782,-1587412,-101931,322318,-98187,1042456,435878,-242317,-87401,-972946,-1129197,127699,1195358,686674,578122,-2216399,889303,74023,1959229,-1416888,1508988,-189268,1795467,-66019,-842010,460722,-391701,-772073,-59173,1045878,2063777,1184104,-1673026,1000091,201093,492562,225413,1434540,-1128568,-318429,-432344,-936711,-137953,-951089,623021,534067,1141129,-405871,-1015499,792727,-1155257,185390,687697,1528912,676963
-616438,-418148,-1204306,1861646,550740,-874173,791830,-2174658,-682378,-1296890,-249858,-1283752,-1116543,-1454587,-903131,-989531,-178385,-813724,83062,-464506,244638,2070546,-396399,-1730870,1661938,-272740,529766,-2003699,55571,-177980,188516,1046502,113947,26921,1349743,-37506,-1533952,1748000,1138095,1086401,-48751,-1164976,285558,-2067603,-870590,-845462,-1043194,636175,-586765,-357941,-174623,856676,566519,-72034,-510605,128762,-116844,-656360,-1789455,-1085579,291123,-163147,-572140,444058,714832,-613006,464353,722573,231105,-655758,-1122993,-1011682,-447159,-912583,-65076,-1800314,309209,-1497807,211716,-1118540
409583,232207,-1123968,349376,-817658,-832815,-564404,190799,292743,104306,-566845,546386,-506566,-42664,191739,697379,-299773,-515670,-38956,805961,1073796,-689110,268881,-310482,734818,1135411,-389210,167120,-65001,-269689,719107,203048,1050537,410822,-511231,-780091,983285,-77591,-271499,-392011,427733,-147158,-1287710,-822950,-994277,-494718,-665311,90519,143142,-281316,-299554,-483133,-755747,-225409,1165137,-25721,403687,-112003,-1093862,-1920123,1982761,-980199,-224711,-1460046,41280,356937,536389,-262431,1152554,-345586,-485476,-121659,80947,-130413,-509870,99893,762054,-886757,352315,-46481
-780057,-362012,901502,-1138072,-567064,-289150,63918,-500695,-756641,-1328872,2031056,132113,1517361,555362,-1010361,-1043247,252941,255913,-440843,-168678,1253162,1023013,432039,-13824,10184,-1573031,9942,-223348,477708,675551,-674413,172122,1128295,118424,-159652,571406,-321600,-225132,-808141,1210245,366496,-353292,98802,-714682,1118575,-122678,266332,-52314,1769033,693731,-468476,1407810,-709092,243488,-1199106,588970,-1543911,1026114,984267,118870,-911580,877946,442287,-294032,128137,-1466649,-668538,277649,-48807,547209,-996969,-463571,267513,-79124,-1540640,926143,-917797,472168,-133872,315631
1271554,73518,-695504,-151616,516015,798946,-549214,-1415023,-1023860,120438,472345,99974,796312,-16685,-864980,1455085,-578349,-170705,-989733,-981751,-1232929,-601395,168607,345628,1173235,735371,656915,-1030336,-420675,2156422,-129361,-144018,-46685,1393804,-1140504,4606,-358150,964603,1680727,417532,-151171,1521407,-1112069,-1338660,247197,306642,-1261828,350635,51905,1279405,1315369,461185,512115,-536579,-948794,-1647725,577579,-182408,-471304,373238,-962907,143472,282955,836172,930761,210228,-978625,819510,-542930,-1568985,-106730,-205346,-1554961,618116,-679747,-2163173,205575,-718734,-1294558,-671206
559325,50904,-742082,1094560,1818447,610056,-441253,337742,744483,1463257,-515574,545678,-131531,-779783,704584,163247,-233688,615302,-124072,784152,-658236,-121567,286883,1443801,1227334,318380,-897834,-446511,1013901,-827391,-354852,435309,-1061072,231683,1894663,464836,-201212,338487,-377236,-813551,483709,-1750583,-401726,43374,-340885,-1049725,147393,-1255086,-389309,-108269,-180931,428144,1205744,390244,935444,-1001352,-365384,-544369,-2001876,-443949,-576213,-2297187,-962902,1124162,196991,790382,594940,328662,152534,65866,453642,65666,5280,-404246,-177549,-1109097,330432,-886693,340629,-1244496
917317,642228,-1329489,452102,404801,-30134,264741,-1346950,27444,185940,309407,-934148,1172749,-60925,84444,257115,328661,-1192881,-199441,-257816,-585190,524817,397500,1034615,1281867,261178,-1444320,-1364422,1414916,-115487,-201603,910586,150740,1031319,150237,-1083099,-588292,-319834,-559477,1304806,1152890,-700248,-990657,-1266373,1087517,358931,363580,-506077,1256262,491249,538628,766770,-483382,-13333,718092,-794875,-402877,-522439,108560,-19326,7555,-1098988,-460723,1171332,1269600,-1170638,-1001124,267892,1920944,-422989,-305609,-185026,686624,-563772,-2449804,-262364,231899,-1456101,575886,-770483
427471,760521,-707434,129957,467806,-115895,1060963,-896338,160819,621243,985979,-142909,554473,-476779,-392489,-423063,147733,394437,-27457,-80784,-876526,261758,553887,216563,346787,954079,481040,490038,-566707,210832,-1098066,815742,-525608,-643626,-155217,638953,-953608,-190330,-932958,366695,346790,121127,280765,699242,582662,-552970,-235458,-117051,1025424,-82575,106914,-978451,-520565,-104390,663615,-203055,670705,-514508,-1748798,-2058402,705179,-764560,-479637,1799215,-379652,-940131,-477632,298668,-27606,-703277,366782,236271,536112,610285,-651758,-681285,342263,858279,-956894,-76519
-477021,-291978,552218,251377,-614444,-327965,492672,569373,181169,371792,-583237,-838692,-316009,-528900,147099,-76608,95088,965298,436329,-554876,388952,-12197,28343,-597884,861968,-1086073,-170523,-154899,538073,-666844,-820236,579218,-409125,-233325,174319,700843,-44923,251204,-1221437,-405234,236267,999462,515404,-253915,352621,-77179,100156,699686,-291469,87553,-619221,365327,307119,600814,-488869,846642,-357177,-782259,-427092,-346306,-1342281,-832817,-892683,-419046,267001,514558,-1361224,-683380,-449194,612632,-279296,383159,271348,-944946,80133,-378537,-717351,1113780,-61286,303556
99616,851735,285082,-467041,-553725,401315,939288,1031049,1185069,1733924,-780690,201726,-100928,-1518609,1041102,13783,-547042,58489,1598376,1998241,175727,-202524,626970,623860,212852,590952,-659576,1087880,-415243,-162195,-460519,-771109,-768113,-658343,57614,1682828,1793237,124066,-1036552,-1744483,-1483757,-1121678,-1585453,1767640,-672504,1407163,920807,303652,-282780,1265451,-1136088,-679567,-328726,1177095,238947,631608,1774919,-690353,-537140,-125585,148627,-1045832,-1195641,909402,-914240,-660308,833205,-1377717,-1488548,-256282,177185,2130730,1174157,1979809,428500,1371807,1258592,1739252,976290,-774508
1556794,363978,-635126,249420,349114,814170,-486430,54420,825917,207595,510079,-2034,172070,401673,1016107,70359,-211863,866275,321301,-1098700,-449777,-617347,121431,72966,721245,88666,182175,327220,1366177,545795,-64306,889909,403180,888414,-587473,-1264264,703982,266209,39389,1072301,303038,-172585,1165517,-1213649,437628,-59540,-630005,-569647,885107,128247,-117342,-1012908,-87732,-509604,386039,-1885128,398173,611608,-150071,-909149,670571,-335536,358113,-49438,941224,-300535,-1905519,-516249,1073123,-1302852,447006,-643460,-360250,-1360637,-197546,-1599388,-259227,842939,265106,-430178
-352411,-348409,1310120,-52408,1304439,-767014,-526389,373695,-351855,-507126,57637,1472153,636848,957079,-668174,1273120,1364059,41987,-1401449,1092520,1206867,259214,-635022,1358939,-1105882,140795,1324741,-677325,-1162182,746686,-453061,936536,1130890,-446266,228893,1450295,847724,-1227975,855175,-119253,394981,-876817,-561358,-574800,1904313,17731,167936,-648632,-42336,-1985912,714341,-1051197,-407258,131426,-92534,-615766,-223165,-654882,670448,858734,287338,24993,51844,-1344569,-512258,541436,1026171,-871018,-64689,1934146,-43348,-991713,332639,-547369,429972,-133951,545042,-127442,731509,-257567
-581740,-883407,412910,-1297680,-1727666,1602144,248045,-197297,725150,-714763,60059,-1008551,-555876,-509872,-764862,306945,289403,27485,1356919,823116,1196917,177481,-397256,-1961948,-351022,-701650,958732,319134,-1204452,1334773,-25133,-1290684,710941,-1341111,-350496,306720,1584653,875664,-114740,-873044,-1590420,351212,235569,-442350,-275221,319612,-100561,-695734,-1278975,1241794,-1568340,-30410,-133989,714945,-1740746,-1539438,255169,1706947,1137987,1442093,445595,595882,-532707,-1257980,-875945,-908063,567107,56959,-874135,112103,-474140,-645383,-1047992,914725,1146241,534836,713958,-321754,523579,-201286
-52271,-1233833,623204,-627060,541133,1597961,-1065895,-639706,320576,-237655,381255,178926,12548,-568100,-219674,41377,2114802,2680830,-710974,903523,-78321,-829101,1320875,545405,923103,-685626,2564381,15226,-90244,670764,-2148014,341241,423650,-1407549,544537,-199020,555273,-2067337,217060,-2501517,1113486,586905,750305,-1035968,693322,-783913,214724,-1091803,30247,217682,-1923982,-734940,-470547,434272,-655893,-1305418,-435921,1919122,-1350949,-796355,-686168,-9890,-864054,-147642,67898,-617248,1052107,-661525,-502502,991531,759240,208200,1002776,-1376258,109224,1093070,-628377,-1450440,-1298103,-287930
-355137,315499,-1408674,95537,-923165,862625,718378,2049281,-437181,1700400,278337,-2356009,-473671,-1716499,1495321,363489,-809917,-1296438,441363,1626105,-966585,264674,1601308,-186162,-1288958,1442339,-276440,1961643,679691,-233288,1677533,-546006,-310976,-145527,1096695,348373,481200,-1085239,76989,-1265410,980877,-1052162,-1579942,-525811,-2087172,-1388395,224771,1124154,2153007,184147,1281589,1024181,1856498,238415,1717809,22508,-538602,454597,537856,825900,1523405,182478,-587314,1500845,-1184557,1442756,662985,950110,88505,-990275,899211,-159859,-151089,1382470,73683,1079457,2019328,529279,-524984,1368471
-453448,-810562,1578325,902681,324594,227309,784074,-146612,872885,1687666,-1050709,1582182,1315256,50257,1306458,905213,-998704,-899782,280800,530371,330059,150161,-402340,-637561,-56446,-1018731,-231724,337538,-197637,799433,-1748591,-1440311,924823,363203,-54052,1964322,684030,710235,628864,-1250848,792270,-1262551,-401607,-255366,265207,1396467,337695,-1028077,-1643023,993120,-488600,623948,799958,103489,-3030940,74001,958791,1469135,-600683,1645488,-2659,589550,-336595,964527,-741361,685422,27048,-1268369,-821602,1357414,-1089938,270224,1573225,-147097,912428,2407014,-1117119,-1071389,852635,80140
-19478,283353,-1704581,241482,-676222,95077,-1094095,89325,-1204480,-1329172,-97504,-1125384,-830705,-2416319,-118149,227931,-1326530,-91299,-828175,764507,402439,-40097,275997,-444896,1490371,543920,468940,665209,2454475,-405432,1783877,-232877,337582,-1008720,476306,-1118402,108230,1094217,-423542,-1238302,1739589,-591038,-1237450,407905,-1415025,-866041,-1284842,-355777,1233193,-325554,64932,1111047,536997,665283,374665,906486,-1110151,1046580,-202670,-1024182,224453,-80801,-416685,567826,3842,-286857,370611,1048124,245483,-573299,103102,-235529,333998,-711386,-543425,579434,-526289,-1322919,1689232,363726
538562,479891,-68122,868676,1745434,-571297,1651167,-2014677,-234364,704859,29568,1216214,219512,-1008517,700103,-360319,-556500,-974959,-33640,386747,280959,629715,199500,36382,1645462,1393467,319404,-415886,-1220652,1227836,-1494030,-393395,-560,-341139,-108338,2104359,-623655,192128,781569,-860704,1160637,-1563212,-96202,-888716,-1173329,812333,-633778,517027,-213588,-303417,1031677,-934940,347246,94402,-1321878,335458,1622039,-701116,-982017,651277,1075085,-192050,77070,2174570,268120,-1534492,603876,1727154,-192845,-822268,-1142501,-105065,252691,-478846,610703,-1063116,1175759,1033045,115265,-1371213
-541181,-292071,1244255,-523296,331141,-575626,215700,-230291,-1641692,872811,66032,437173,584731,133493,1463098,-712949,161326,-1257182,1089501,-686171,77634,1202036,141301,261703,-710270,-184101,849887,1726915,40561,-236982,666530,-1282368,-45111,559789,-330325,295946,-864722,-1274375,1166801,89331,732375,-574165,382124,793440,1563,573713,-144651,-15364,450220,-763020,595696,-850242,15241,-233845,-155538,582458,-34537,527991,-937097,331866,601090,2568161,842067,1093094,1152317,442760,523618,1000707,604931,-524797,175426,256363,687520,832600,-493940,569995,-414666,473200,-798258,363615
-1170082,-819517,646208,-610966,-1231411,-695470,-321083,620419,-1821870,-205627,-470037,-1842401,-386126,-1152158,-219936,716128,-101584,610986,-922131,-183966,232338,349577,1145148,-299608,187843,-1461110,1610755,-195633,683049,-396425,907141,-445090,1369771,-271933,282527,-84730,-335865,-544816,-97515,-647771,535007,1578849,-117009,-300453,82231,-370723,-880778,601192,319359,-512953,-580064,1341857,257104,-1346872,-1509596,744373,-487099,-53111,1227894,-245758,-968418,163013,-1296850,189200,-271164,1034423,556822,-266217,-1011423,544409,-766524,1178369,-1046841,-1064002,-1349707,159118,-722350,399414,-1249760,730915
-872706,420582,342660,-1231112,-1119372,908325,484922,1724188,-504185,-653350,1306539,-2316234,-783131,-2360753,11886,67844,553056,828802,144852,1324615,698678,-309241,417408,476747,-842672,-1028383,674412,445652,-689436,2526691,625970,250368,-708308,-380939,-182663,-8495,1501392,-697706,200372,-1744130,391404,-28229,-386510,1052399,-967273,-522585,1265783,1043589,847260,-222126,321256,810579,1346505,50920,-8460,1840054,1371,531083,239759,1013741,-620410,-393609,-1349810,-175913,-1364295,-1097552,43732,-1804015,-2025052,-158139,887246,832340,192153,435145,-481445,376589,6793,1504876,374495,34847
66990,-1061343,779233,142993,70327,-1122120,-643225,-631540,-216001,-1086289,-1270030,1696355,-1075756,2084898,-617479,98277,-673997,-1372268,799663,-587796,1647086,1386891,-756656,-395535,-1461938,-616793,-1468718,-610984,1191903,-552242,165688,176392,-506982,-613613,-990869,800395,556036,746633,1653718,1703149,-2311700,-1006065,178406,-7137,-1015582,286024,-581380,61898,-1620728,151371,1394748,-8139,-13036,-517532,777458,755717,120638,307945,1095040,614474,179147,1620156,934218,-1727585,251642,448791,-467457,1025190,648059,269610,-1530034,-278935,-359227,-1160372,2901650,-963358,498063,-431523,2135164,178160
781162,-186378,1152062,-707727,1415108,1664469,375396,82694,481287,920836,697767,-750396,-6946,-475161,38059,-315964,2127153,1426000,314909,-1236822,-349874,203864,-159863,1478412,-226471,-891992,1067640,-217184,-1528729,1605128,-259467,1682154,-184162,-547728,1221477,678380,903043,-683354,1047863,441092,-2250010,194525,569590,-302603,880294,682319,789844,-970141,-1890565,-1008422,521215,382954,942233,-260441,-408193,318728,319380,-1085178,-2101305,90664,-625395,376962,689567,428647,-302438,-1011858,-818618,44269,-462624,-27991,760678,-915471,-1073717,430111,2528992,-1102209,84075,468198,185302,-885387
-515929,1021991,676638,-1495133,816471,-1222102,-1436307,904242,-439604,-3041866,787370,977535,-46299,34741,-926186,-711786,241008,550894,-2969655,674303,917710,209155,-1137884,545595,359729,-154403,-761126,-243915,-960955,493463,-134066,534492,876675,-1408971,-1574710,-200258,353563,32258,1631052,-270701,-922952,2051943,-210214,2181999,-947129,-1310211,604430,-261049,-503472,-1061541,-453142,-75404,-879688,-723367,555060,2513182,61161,-750384,1410735,1117276,-1404743,-429128,-103371,-958864,-231798,-1645737,680795,995693,-1890507,2081698,1837815,-259822,-522913,739982,-408195,1038415,-824110,-1715641,-371,509032
-699993,1327705,59441,700724,-476660,-770066,249462,1103299,74624,-235281,-1164343,-1157434,565956,-1264304,1738090,859897,-1017694,-1409014,19934,551916,-1382867,-486424,-1185520,-913658,421962,771611,543817,1749604,-49271,-1820272,-193201,-449166,197103,698599,-351086,-537145,712593,336099,-1505259,-256338,975816,756275,-1033886,1302007,650542,-761322,1903723,59919,-802700,-799072,-2295779,308926,-1203333,-382319,-771489,-26187,-985602,399064,1611149,328494,417167,-1342150,-620387,968888,1725406,-177915,374866,-1565102,4684,1097889,21630,-695385,1671326,178141,-157354,646104,-1172572,171183,1021231,811003
921163,1098369,-931835,631225,-93898,-197358,-1007658,1321752,725694,366495,-329471,519156,-1166783,-862828,1465649,1067713,-709919,361771,-1289399,49757,-1070300,-1233807,-1373866,425102,621886,-604650,232436,-111198,1296042,-749652,1161313,-4583,413609,488254,228575,710414,564759,1183421,-171620,842950,950386,284638,230405,217427,917234,-1056639,744680,-1395068,87430,1773792,-1384596,-79024,1166924,-853193,634262,-181870,873787,-425597,-44649,-1396714,1624303,-967047,466686,489258,-1920233,1089161,-789947,-2105999,-7893,-872501,776783,-244627,-583912,-797233,230241,672390,-775580,-105663,560239,-145139
522164,-564227,-473243,119296,333793,-190558,-2166527,412439,-2008307,-131915,-537238,-148621,-419752,-570813,-566578,1644563,-251525,798236,-319392,790063,-620115,795602,1392145,1024676,774904,205169,1177295,740383,2327680,-145444,1207417,948543,1479,-533113,-870036,60848,236717,-239889,-502763,5611,539600,654989,-699882,-352004,423824,-762823,-1690892,-907083,1264914,-458563,-971840,481548,545200,-701736,485469,-373256,6278,-110427,-884508,-1293454,-375443,-438372,-770141,-755362,372855,988161,-462856,-92258,85561,-341268,-30328,1386125,281782,-1648279,-691215,-1556394,-690787,-230504,-147545,-506799
424204,-524078,-311314,-606536,-557363,1321717,238359,-292475,775985,1222845,185896,-484741,-261536,420003,480305,-884925,2817,600976,438298,-1104062,-865468,-734925,772361,488369,-692043,-825661,17329,365899,75108,102197,-644077,-1172236,-598524,526911,1064796,-564579,630471,-1652054,460929,-648981,-633543,383495,775451,-95421,-1265345,538683,1006975,1437834,173029,1494919,547234,756325,261291,-244235,176805,-1141331,-179157,1408381,-215766,72083,-791676,743613,715200,1251238,750299,136266,552799,489925,-640306,-1088356,329135,-588684,-741657,775968,252195,-112717,836751,-346299,-1196248,-740878
598994,-745730,617041,-716998,201403,38172,172575,-1438300,-428238,729510,-181326,281275,1180454,1971320,-1313892,-78739,-396036,381278,658276,-2050536,-130874,524224,1466433,-562947,625753,246804,-544107,640477,887847,-784971,-1391377,221654,-442159,283230,-1233154,-989959,-1555615,-354816,-240541,873796,-988567,2211845,1707068,238291,532709,-87439,-2057794,-1171860,-587968,-709628,446874,691083,-687139,32417,-310079,-219075,-666578,625354,-529802,-215753,-1550198,485228,-647962,213526,1053128,34143,-923820,-219,846437,94308,-403656,858964,-923461,1043033,120018,-1066456,-41878,543891,-384926,-82950
160207,-4107,-190364,433528,1078340,62389,902899,-476596,199175,-7559,899009,81671,349991,1206126,-428971,-458098,505211,-678396,-141810,5007,365130,880562,-861741,142455,-55320,1322989,-888297,-810824,-277953,20190,-339075,819519,258217,618172,323842,863225,-1478732,-94842,704184,1007957,127592,-1002711,365069,-1973140,330611,-654767,423592,85720,335475,51048,2307806,-302372,744361,-46753,315868,-1360738,258361,-109599,1402999,1056642,827225,165729,347062,161879,-892485,286970,-526683,706071,784385,-558641,-190968,-775479,44246,-268024,276813,-1211331,1141991,108427,-293970,-451236
-79240,2753606,-715002,741401,1553709,-672230,1003983,891410,-266490,-448670,1027049,-355345,1641915,-1158135,135044,-183435,-994678,-2054497,-1295304,1390335,-1097003,-296467,-894878,247525,317761,1879115,-448944,28907,-1035722,1310972,-740024,-1099799,-691266,802940,165927,286668,-524507,-459667,168037,-439124,1959176,-93387,-1432556,1401950,457110,345746,450374,-1347265,1012108,-1023752,-138953,233690,527282,1636383,265391,1552069,63548,-948242,-135662,1988015,1298297,-495652,1596500,1748088,-1119708,-370948,-870122,-976369,-1151366,1257556,2069615,41942,-295725,1378925,-1183997,1595408,-266618,697130,1149733,485227
218775,1596815,-1197957,1582844,1466188,-787551,-608152,-158674,-432107,-1153473,-91010,288706,105003,-1221033,395743,483862,-1619211,-221357,-1266804,587836,-1764158,-767896,-705809,102370,1352859,806627,413699,-1474878,160088,-78821,-286315,1553223,313538,865598,127174,278219,-403232,1330846,-524153,714604,620305,637228,-541901,-261523,1445196,-1378957,430071,-552669,112038,317692,-242694,448182,349307,-163508,889889,-488268,533879,-786961,-549364,31034,188251,-1780269,-109789,863657,780093,655282,-674672,-1720363,508558,-212528,301085,1080787,614025,-603479,-1240566,-772859,-418267,75969,1416922,306549
83680,957792,-1712086,519108,185584,956655,310965,-389246,1372868,-1810079,1225517,-731465,-1263583,-982477,-901263,-1082276,-472682,883588,-1274787,-27357,-1426187,-1387060,-500244,-334266,-827874,-496419,902855,-1241075,-928389,521907,290266,54032,-443974,-767175,182704,-29974,1012019,781603,318988,-429881,118673,-713229,184237,152390,-271940,-795291,257202,363165,-744162,790536,824304,-529105,576014,76848,1132023,451769,-417222,1003429,794,78156,-1017164,-201979,-412312,2324400,-688267,-733482,777161,573369,121316,-1127910,844819,-1553916,-1071234,263869,987760,-423683,-252072,505502,-32920,-283518
1438856,1967835,-593968,-417776,984625,-479471,-409356,-880054,-992232,-463167,-418965,383478,-237513,-925389,2255820,-445749,-1818034,-907626,867047,-721124,-1979510,386660,353112,624213,464892,835481,-631266,-211317,854860,658719,-2322,308337,-1093181,1616898,-840236,-1700212,-31174,-438906,2317385,1529556,-760294,1039869,-110255,2291246,-407303,341235,340561,411526,981855,544815,-185032,-1805967,-363215,682586,2016882,-147960,835127,-674368,448117,635850,177740,433600,2003847,1093089,1600358,-117204,-574401,-993966,-430151,-1522517,1990650,2211626,-784655,20744,-166243,-712584,1381527,550655,1225451,13958
-793289,-247137,1200814,4076,-369158,-1212679,1673653,-293280,940529,-474073,-144579,95712,73117,691396,-381681,-343118,1278322,-620338,-751374,-1633554,2101262,83125,-2535423,-1737715,205419,24193,230149,-745079,-1231880,-422479,-725441,-211896,351032,-355188,193239,765105,-1092781,1294324,176917,1051031,278791,-84357,419265,-321595,-421036,-160008,1781325,1106811,-981903,-1148253,835911,-670663,-443383,1043616,-1608798,1207194,809458,-527721,1066775,-67953,1414064,229487,886872,-1732468,-1316827,-922177,-827203,745705,-10162,1180757,182428,-1119637,-422701,-1469265,1448167,-483705,-663423,909548,-800553,-254400
-23445,-488123,1886355,-1321550,-245018,137007,1189106,155170,571725,-70043,599772,149222,-69055,1189619,241306,-463546,1667350,362480,215728,234272,945065,1214112,124920,-459771,-760220,689459,-341099,942588,-1623600,352415,-331968,-295827,967403,-693489,-1990854,991461,78365,-1039970,1785794,271803,-576961,132283,1050971,-1215892,-536614,1043238,1050874,523915,-984079,281554,540771,-1102150,436493,22466,-1037154,857675,856365,-301127,1507868,2021260,95523,1267646,100321,-858670,-953782,-926459,-426936,-200144,-93889,419719,227219,54935,670657,-172799,2374706,775149,-94558,2051730,-1144558,155260
-1225372,121520,1808967,-687388,-28211,148408,-287383,1053875,293051,-1647663,-387406,-211596,10389,-207432,1647789,-1286816,605395,581729,-403821,-510,926662,-1917461,-1303011,-1502815,-954458,-586877,2315376,-207672,-1279810,-1161179,-71476,-1473684,607467,-11957,87859,-658954,-60406,-941344,1587438,-104313,-53669,-396491,1493385,536046,300929,-229024,1769183,721586,-236045,-908555,-1421304,-1307438,-681604,1127650,-820317,-249790,8921,360841,2138512,227466,34360,673370,1167103,-672415,1271767,-856548,258425,508690,-822307,174640,1291936,-190389,378149,-279729,985591,3141527,-2030795,334932,-658655,1219620
200303,-474539,-793409,-331004,-1406191,874933,-2008963,813155,-372897,-1046053,-109505,1880762,-1142488,-113363,-29136,1094100,-2331095,34651,1558260,699776,507555,-1126919,555111,-1102331,-1520014,-820473,299786,2337006,782830,345650,732714,-318713,-816546,-574823,-1079912,-1058415,1551996,992592,-371010,654695,-1068347,-568110,-192948,1093804,-834516,-1527658,-2627497,-248770,594173,635219,428848,629901,-131631,482925,2305908,-222151,-1492709,2352282,-645030,-356911,-1227464,969076,114350,-792046,491392,617857,206091,77403,936611,-225819,-536074,-287417,-360690,1009106,581151,1074563,313605,-759713,1415719,2742888
-1877108,-1619340,1055359,-179756,-817367,-546049,1024343,-248208,-660148,329009,128272,-473205,-662538,398606,-1352051,180303,1861505,335241,14137,-310520,-61062,624841,-23512,-704807,-1864802,-386041,1125686,-712049,-2833598,-220207,1032428,253210,-34104,-146662,845943,1086882,-1830266,12285,-1495542,-187740,-232073,30076,378688,-264323,399251,-1009417,840300,1122460,-1283428,202428,748509,34540,-101252,-649182,45580,1497259,-444120,-1173789,232376,349333,-392530,105604,-1016965,-772967,-2000058,880456,1749871,134788,45419,903662,-612228,-823201,-407917,-369687,-129968,-279037,87083,548220,-2211143,-585507
-1082289,-1647213,724836,787159,289802,-165984,831370,-180761,83346,1383760,335312,-519414,962789,601645,-604995,965272,1493676,767009,-1478658,-125521,164406,625508,209154,330268,-565036,-763614,1356200,-1292023,308206,-1126262,-30502,1460139,2289356,-625790,2268915,1114829,-1487826,671295,-1431373,-9868,1005185,-581324,758918,-2316686,1714861,-97098,765263,-1091586,926513,-608323,317916,505557,834781,-916899,-2034393,-930320,-216650,-28118,1125948,-916909,112944,-960544,-1448180,-393188,-825268,1699982,-208070,-389765,1770612,1095135,-1649299,-397823,786860,-2321380,-462762,76414,-813569,941796,-1756450,-332275
-1155906,-888823,696427,272137,62207,-1804047,-250820,425360,-1889395,-1072466,-258155,419105,-225746,150613,-1028291,713959,254845,-230970,-1042691,889063,1389417,1541380,669059,681234,-684842,1079698,-1149018,-200354,-797598,108426,1808449,631306,1685517,195796,379538,-1220389,-1176319,-725637,69010,-563454,-65322,-198637,-854244,-128380,-751132,4188,-865852,1142742,-95482,-2644112,1518039,472667,17643,-775348,393815,1153442,-782439,-1296403,69895,814424,-1148413,209404,-542503,-628429,-379924,555417,1370894,590975,-382645,2820209,-285961,343077,109277,-1490625,-1263287,-498500,-543265,247717,907132,801913
349079,-790673,733190,-414040,301163,265267,784721,-195417,337891,964358,130435,-664881,-304465,420690,396301,-163382,1818849,-305649,503715,-698136,964958,1330348,-745913,296560,-69871,274445,-190518,492037,-430810,507777,582665,386029,753452,-948953,353926,700341,679543,-1033796,408923,-45314,-717028,-756689,1066614,-1052156,-791056,442391,818945,134554,-570216,-882503,-303945,-203445,549761,-302863,-521035,352439,714754,-780197,-495034,-524866,1359261,634764,553581,-856656,-499425,-1063121,-383177,830919,136554,84506,55291,-388569,59539,-1081069,1334643,-1327769,836894,262982,-824923,-1736510
-616611,415783,-525495,1051658,-958100,-685343,744285,-108869,295382,-59933,-272118,398792,142654,874775,-851469,-481606,-502568,-1180920,80400,105836,-816590,412654,-1841797,-1121862,827129,-24235,-1784568,-153779,-63284,-2065056,646540,-1877859,-239640,510001,281342,1452132,-2123382,2195257,-1991872,609907,664560,866324,-721174,-342110,1294365,1646050,415412,319778,-633535,993962,-1308018,1299277,-231380,421585,-1177480,-100716,696623,-716883,1224165,1118496,369409,1142312,753727,566490,-968003,-44858,-49491,582396,-726962,219234,-1256444,-598922,-209915,1096764,-745281,725447,-1001183,375613,-614521,1182256
-255129,486954,-281750,-308434,-1239155,-1051449,-307685,791881,-43625,-1504794,-600569,500049,7018,1216197,-624073,-181204,-960799,-793582,-431215,42599,1538292,180941,-1314038,-700013,-320456,925830,-1230541,610667,46501,-726007,916591,-756625,1341217,905766,-910836,-1671992,-79813,11777,-605554,-129882,-290336,1187324,-1217568,745783,-946889,325154,346255,1610932,-3560,-1916493,309411,355193,-991402,1243395,573308,-56218,-313062,-454934,2298880,1233716,624532,645068,2328286,-868907,102397,-957918,-590636,1716044,-382640,842751,-314045,-1735441,-832673,312187,-663758,170163,-225564,-2058915,1221981,996041
182985,265196,970720,-719145,-301499,-499504,263833,874067,62901,-472232,300519,-255274,513917,580046,985059,-539832,-676948,-799765,178381,-1097006,149565,1567836,33368,-509837,-660384,628221,-1282213,1350654,188490,965308,-911870,521366,893408,-212908,-783837,-651144,690065,-603515,914741,892491,-2205168,1084506,228405,434381,-2140543,127367,1172702,2063201,462915,-269550,-91487,867166,-867384,821040,148188,1004070,-883484,-245766,785750,1561513,439011,907955,1801529,-1008871,143018,-81359,-1152456,-543454,155928,395728,590906,440669,39943,-973760,1035519,-196462,-18836,-450366,1511352,1323441
415509,1493862,-757713,496576,329033,83370,167207,526880,1258046,-1466500,2341421,912395,365276,179445,77521,-976522,232244,-193694,-1047423,-164004,-989516,-1066978,-878892,584977,-693205,241489,-1571421,-20015,-1411306,2143413,-950774,816776,-931386,475598,-412050,-1155513,197664,771481,-99637,1131893,-244872,66505,-56406,-9020,-333610,-502508,822499,930936,841217,1367498,894713,-22251,-489583,-510807,1486704,1039375,-235126,-382309,-1069929,224647,213296,-80998,1527868,-436907,-397065,-530068,-1425886,-819203,673290,521317,443337,-1065360,1253327,-184535,-526350,885228,-1427536,371160,238359,935780
897495,-1589780,-89107,-572030,-175166,813181,-1500133,-645556,316364,189562,-1869264,-46163,-1927181,-496383,1444967,816152,-94078,1804275,79382,-295032,363250,-85435,1741782,-569783,-467829,-1835220,993850,-1186381,1698782,-721971,1546620,1656296,866429,-1827147,-140573,-83719,1902096,132022,1917208,-649752,154104,-542050,422286,21262,-621258,-8336,-1340126,-708404,-156157,983925,-125030,-1643281,1432954,-328003,-20532,-337999,431005,652828,1043643,-1431331,80942,359194,-1203684,-1059826,399682,-170966,2077158,1506010,1167975,-434893,281041,1093901,-1051401,-795982,2243760,-193323,2103264,-2046375,-226918,-681617
-1078946,-560712,1715245,-1215525,-153448,258265,134554,1315656,-88187,1754807,-481610,-845614,1135081,-363194,922054,550536,912757,-230147,146292,289315,299231,-988990,1154478,771927,-1579349,-1776820,1658498,414472,-96008,225792,-1072314,-241189,239437,-1046357,563160,1063071,2094877,-1746339,-877188,-1611347,-530336,128318,-995081,1166945,648809,389898,764255,-681509,-806235,-152450,-1542001,99893,-810478,-492530,-169222,1379691,-34022,189970,-261496,-341689,281931,911789,751641,92047,367711,-285716,519034,-747428,-363990,874610,472305,702912,-240574,707615,455120,2149621,533266,434378,-922423,-965103
-839379,-129532,591761,428638,-706059,-147382,656256,616505,472777,666242,777693,327507,177503,665832,670796,-1752192,-178606,409159,-43976,-921769,-1184958,158579,188563,-297679,144158,-322968,-656382,240536,-232650,-1030133,-264556,-1270437,268023,2085363,513955,-352427,-2064473,491499,-461425,-67034,-213947,1003855,1105950,161862,-746128,-372203,1751984,1560504,-980546,822967,-664984,1367093,242685,-417523,-605042,692696,-384040,484915,-753761,825678,-80256,1154647,541856,877317,-1329036,1167853,-346451,-1171340,565721,-1740676,-1103004,-230839,1109072,293159,-741344,1146842,-1772730,133682,-843023,987747
-922346,-677051,705194,-914948,-531018,940326,316809,-768649,-1342984,-199203,-592401,-1794369,-1002466,-1939886,-761976,-1189406,694264,1012650,1613599,-370097,205388,1445269,-46151,-36218,566400,-1784866,1913237,405785,-63140,-794296,660463,-432714,-22523,-1098579,1409816,714447,-230393,-1361618,-448069,-1865584,-2010270,1503295,467639,1268327,63459,1002366,-617232,-781095,-1522326,-1277561,-1110866,747742,1059426,568832,-480538,986113,741890,-955084,-297568,-357222,-2216356,1270684,-318604,1833411,931202,-1051163,893960,1009534,-1754002,459553,300555,524038,-920889,538922,364772,-236424,-444858,-309613,-443418,271803
-410143,-452054,-896842,-445669,-1408535,749062,239411,-528505,1437127,-512293,894456,-685830,-941572,-98325,-735145,-945821,1387816,1509676,-333498,-121686,-258013,-303213,-48614,-365286,582342,-415985,158078,124651,144775,-1243525,-924325,25283,-444495,-546085,796522,-1119072,-689842,439613,-691087,-136886,497747,215059,1316827,-632314,-993357,-1588078,1129426,224532,288315,1577286,-569637,-321069,-712964,-125136,361559,-983106,-786732,1610605,197541,-1480365,-195523,-1169442,-1393973,-359826,-165160,-175265,738767,-546782,558200,-149549,-258443,-686006,906839,-106575,-348712,542928,-112891,-605365,-1703010,-517132
262532,-539067,-132430,-56334,-23546,-1126158,-727479,-1330837,368274,-891407,-658474,1544742,-863608,1471085,-471932,180305,585916,-343616,-589499,-524067,925695,583135,-882007,147595,-155610,-849850,-534895,-1653968,925517,-852177,321439,19992,-529648,-309100,-698419,344806,-787565,1113308,795541,923090,-217624,-336835,275544,470865,413419,-827855,-156855,-597410,171318,610462,-26595,-1450345,-446681,-414013,-615038,-282288,250824,-453860,816537,-648339,1133241,256931,-462678,-1275017,39315,-115388,1166638,490635,745557,536738,-863734,-59614,-90107,-1409707,-275923,-967570,323700,-1334295,-246997,-1205217
542127,771990,-768987,141949,-3714,985154,-93926,-42674,1117160,-980119,1207318,342819,59532,-402495,-661979,14850,73854,99788,-204549,537316,-112123,-1332575,-1921563,-911105,796410,825991,-229155,1069877,-1544033,1333172,-724521,-203062,-459681,-389317,-1018483,-36715,443065,837743,1437,929098,663819,-141442,-651627,-11257,-769552,220348,614545,-482044,-809608,1510437,-789100,725538,-146059,24301,304596,-243983,671647,593589,-1400458,-134916,-58377,-1056926,1040638,-572939,-768272,-1582409,-218060,-211639,-469814,-973723,1610363,-1405370,-541850,1575890,1117126,390128,-773823,-432712,258130,3361
104632,-770498,176366,-576311,-834044,-523241,-1595785,411018,-765233,-274359,-1320971,135488,-953649,65245,252816,959454,382600,629565,253751,-51175,660944,-182890,1279566,-217769,349967,-553413,303189,-154921,995258,-839064,993285,111399,-269274,-125550,-1178257,-1421390,174417,-202910,42680,-620867,-303932,969543,264538,630492,-405484,-850266,-1227605,39532,-245840,-347279,-1067171,-118612,-688484,-490036,641511,829267,-644082,-233129,45969,-977030,-666013,-10235,-757045,-1553892,922277,551213,1033138,218397,338540,657469,-205874,1292418,435942,-1281527,-1025683,60980,51602,-1106648,-391704,610195
-190439,-167143,-108,184520,-480325,-37848,528988,-543540,38618,-120233,-255606,-56964,-1085986,-60043,-130396,-857540,493601,-143537,1310301,222941,-315807,830870,-447837,-456928,-182583,-121296,-337284,545569,-459340,-912635,119646,-348639,-1090736,-576601,124064,556791,-994629,591288,384733,742312,-1023760,168512,-642184,348344,-789094,827478,-290241,593933,-1230739,61182,-718442,-311893,105716,-1026636,469606,305425,1429013,-1019221,349709,302295,372811,802446,516963,-232734,134009,-1002135,222073,287229,-475776,-994216,51221,-471226,17818,-28050,1345299,-482063,620960,925153,-589914,559219
625731,1427848,-887323,-53409,237649,-193163,-299261,1444222,515153,-476679,-518456,-1274830,-1071316,-1005244,1135032,-791645,-1075408,10404,240928,754900,-305397,736926,797464,275359,176414,33935,-1222897,-327921,601410,93451,164048,370522,-1070254,506774,169693,-606215,1695845,-1175834,1558357,-474223,-1031474,285869,72594,636279,-1880286,-689971,-105463,477198,632932,-60641,-702344,469219,1370958,760762,1352580,417109,-533556,-1650261,242305,491717,73785,-1633384,-171209,860342,270509,3360,2424,-240502,-1304072,50602,1566731,956185,-1209403,36025,-134241,-146404,1716470,-683210,876078,586974